18-dic-2025;;;;;;;;;;;
iShares Core MSCI Japan IMI UCITS ETF;;;;;;;;;;;
Inception Date;25/09/2009;;;;;;;;;;
Fund Holdings as of;18/12/2025;;;;;;;;;;
Number of Securities;957,00;;;;;;;;;;
Shares Outstanding;101.620.596,00;;;;;;;;;;
;;;;;;;;;;;
Ticker dell'emittente;Nome;Settore;Asset Class;Valore di mercato;Ponderazione (%);Valore nozionale;Nominale;Prezzo;Area Geografica;Cambio;Valuta di mercato
7203;TOYOTA MOTOR CORP;Consumi Discrezionali;Azionario;258.918.244,56;3,59;258.918.244,56;11.975.450,00;21,62;Giappone;Tokyo Stock Exchange;JPY
8306;MITSUBISHI UFJ FINANCIAL GROUP INC;Finanziari;Azionario;226.229.856,31;3,14;226.229.856,31;14.487.000,00;15,62;Giappone;Tokyo Stock Exchange;JPY
6758;SONY GROUP CORP;Consumi Discrezionali;Azionario;202.652.670,29;2,81;202.652.670,29;7.771.600,00;26,08;Giappone;Tokyo Stock Exchange;JPY
6501;HITACHI LTD;Industriali;Azionario;179.208.290,85;2,49;179.208.290,85;5.792.800,00;30,94;Giappone;Tokyo Stock Exchange;JPY
8316;SUMITOMO MITSUI FINANCIAL GROUP IN;Finanziari;Azionario;146.452.095,54;2,03;146.452.095,54;4.637.600,00;31,58;Giappone;Tokyo Stock Exchange;JPY
9984;SOFTBANK GROUP CORP;Comunicazione;Azionario;125.158.073,23;1,74;125.158.073,23;1.207.300,00;103,67;Giappone;Tokyo Stock Exchange;JPY
6857;ADVANTEST CORP;IT;Azionario;117.210.116,04;1,63;117.210.116,04;969.500,00;120,90;Giappone;Tokyo Stock Exchange;JPY
8411;MIZUHO FINANCIAL GROUP INC;Finanziari;Azionario;113.277.366,68;1,57;113.277.366,68;3.146.380,00;36,00;Giappone;Tokyo Stock Exchange;JPY
8035;TOKYO ELECTRON LTD;IT;Azionario;110.156.179,88;1,53;110.156.179,88;565.300,00;194,86;Giappone;Tokyo Stock Exchange;JPY
6098;RECRUIT HOLDINGS LTD;Industriali;Azionario;101.179.378,96;1,40;101.179.378,96;1.778.500,00;56,89;Giappone;Tokyo Stock Exchange;JPY
7011;MITSUBISHI HEAVY INDUSTRIES LTD;Industriali;Azionario;99.236.190,81;1,38;99.236.190,81;4.050.300,00;24,50;Giappone;Tokyo Stock Exchange;JPY
7974;NINTENDO LTD;Comunicazione;Azionario;98.681.028,00;1,37;98.681.028,00;1.397.300,00;70,62;Giappone;Tokyo Stock Exchange;JPY
8058;MITSUBISHI CORP;Industriali;Azionario;94.690.228,55;1,31;94.690.228,55;4.059.700,00;23,32;Giappone;Tokyo Stock Exchange;JPY
8031;MITSUI LTD;Industriali;Azionario;89.799.422,03;1,25;89.799.422,03;3.124.100,00;28,74;Giappone;Tokyo Stock Exchange;JPY
8001;ITOCHU CORP;Industriali;Azionario;89.641.816,84;1,24;89.641.816,84;1.498.800,00;59,81;Giappone;Tokyo Stock Exchange;JPY
6861;KEYENCE CORP;IT;Azionario;88.325.282,07;1,23;88.325.282,07;245.200,00;360,22;Giappone;Tokyo Stock Exchange;JPY
8766;TOKIO MARINE HOLDINGS INC;Finanziari;Azionario;88.239.437,46;1,22;88.239.437,46;2.326.700,00;37,92;Giappone;Tokyo Stock Exchange;JPY
9983;FAST RETAILING LTD;Consumi Discrezionali;Azionario;87.225.137,42;1,21;87.225.137,42;240.600,00;362,53;Giappone;Tokyo Stock Exchange;JPY
6503;MITSUBISHI ELECTRIC CORP;Industriali;Azionario;69.817.146,81;0,97;69.817.146,81;2.395.700,00;29,14;Giappone;Tokyo Stock Exchange;JPY
7741;HOYA CORP;Salute;Azionario;66.082.879,55;0,92;66.082.879,55;434.900,00;151,95;Giappone;Tokyo Stock Exchange;JPY
4063;SHIN ETSU CHEMICAL LTD;Materiali;Azionario;65.648.960,75;0,91;65.648.960,75;2.132.700,00;30,78;Giappone;Tokyo Stock Exchange;JPY
9433;KDDI CORP;Comunicazione;Azionario;64.734.408,69;0,90;64.734.408,69;3.712.800,00;17,44;Giappone;Tokyo Stock Exchange;JPY
6702;FUJITSU LTD;IT;Azionario;60.334.609,28;0,84;60.334.609,28;2.233.400,00;27,01;Giappone;Tokyo Stock Exchange;JPY
4502;TAKEDA PHARMACEUTICAL LTD;Salute;Azionario;58.106.477,23;0,81;58.106.477,23;2.015.200,00;28,83;Giappone;Tokyo Stock Exchange;JPY
2914;JAPAN TOBACCO INC;Generi di largo consumo;Azionario;56.233.815,29;0,78;56.233.815,29;1.515.400,00;37,11;Giappone;Tokyo Stock Exchange;JPY
6701;NEC CORP;IT;Azionario;56.025.128,42;0,78;56.025.128,42;1.639.900,00;34,16;Giappone;Tokyo Stock Exchange;JPY
9434;SOFTBANK CORP;Comunicazione;Azionario;50.642.558,04;0,70;50.642.558,04;36.350.700,00;1,39;Giappone;Tokyo Stock Exchange;JPY
8002;MARUBENI CORP;Industriali;Azionario;48.771.789,51;0,68;48.771.789,51;1.789.200,00;27,26;Giappone;Tokyo Stock Exchange;JPY
4568;DAIICHI SANKYO LTD;Salute;Azionario;48.556.138,74;0,67;48.556.138,74;2.260.600,00;21,48;Giappone;Tokyo Stock Exchange;JPY
8053;SUMITOMO CORP;Industriali;Azionario;46.781.324,38;0,65;46.781.324,38;1.370.100,00;34,14;Giappone;Tokyo Stock Exchange;JPY
7267;HONDA MOTOR LTD;Consumi Discrezionali;Azionario;46.026.625,09;0,64;46.026.625,09;4.639.800,00;9,92;Giappone;Tokyo Stock Exchange;JPY
4519;CHUGAI PHARMACEUTICAL LTD;Salute;Azionario;44.897.917,64;0,62;44.897.917,64;852.600,00;52,66;Giappone;Tokyo Stock Exchange;JPY
8267;AEON LTD;Generi di largo consumo;Azionario;43.628.620,14;0,61;43.628.620,14;2.806.540,00;15,55;Giappone;Tokyo Stock Exchange;JPY
6954;FANUC CORP;Industriali;Azionario;43.296.721,14;0,60;43.296.721,14;1.187.130,00;36,47;Giappone;Tokyo Stock Exchange;JPY
6981;MURATA MANUFACTURING LTD;IT;Azionario;42.724.538,24;0,59;42.724.538,24;2.103.700,00;20,31;Giappone;Tokyo Stock Exchange;JPY
JPY;JPY CASH;Liquidità e/o derivati;Contanti;42.625.475,10;0,59;42.625.475,10;6.630.179.524,00;0,64;Giappone;--;JPY
8591;ORIX CORP;Finanziari;Azionario;42.109.129,83;0,58;42.109.129,83;1.465.950,00;28,72;Giappone;Tokyo Stock Exchange;JPY
6367;DAIKIN INDUSTRIES LTD;Industriali;Azionario;41.821.180,37;0,58;41.821.180,37;331.300,00;126,23;Giappone;Tokyo Stock Exchange;JPY
8725;MS&AD INSURANCE GROUP HOLDINGS INC;Finanziari;Azionario;39.067.620,75;0,54;39.067.620,75;1.626.110,00;24,03;Giappone;Tokyo Stock Exchange;JPY
3382;SEVEN & I HOLDINGS LTD;Generi di largo consumo;Azionario;38.287.124,30;0,53;38.287.124,30;2.654.500,00;14,42;Giappone;Tokyo Stock Exchange;JPY
6301;KOMATSU LTD;Industriali;Azionario;38.201.231,15;0,53;38.201.231,15;1.191.500,00;32,06;Giappone;Tokyo Stock Exchange;JPY
8630;SOMPO HOLDINGS INC;Finanziari;Azionario;38.045.271,14;0,53;38.045.271,14;1.122.700,00;33,89;Giappone;Tokyo Stock Exchange;JPY
9432;NTT INC;Comunicazione;Azionario;38.036.155,84;0,53;38.036.155,84;37.755.800,00;1,01;Giappone;Tokyo Stock Exchange;JPY
8801;MITSUI FUDOSAN LTD;Immobili;Azionario;38.016.512,91;0,53;38.016.512,91;3.323.000,00;11,44;Giappone;Tokyo Stock Exchange;JPY
6752;PANASONIC HOLDINGS CORP;Consumi Discrezionali;Azionario;37.144.185,28;0,52;37.144.185,28;2.931.300,00;12,67;Giappone;Tokyo Stock Exchange;JPY
8750;DAI-ICHI LIFE HOLDINGS INC;Finanziari;Azionario;36.802.327,30;0,51;36.802.327,30;4.420.400,00;8,33;Giappone;Tokyo Stock Exchange;JPY
6762;TDK CORP;IT;Azionario;35.220.443,60;0,49;35.220.443,60;2.469.400,00;14,26;Giappone;Tokyo Stock Exchange;JPY
5802;SUMITOMO ELECTRIC INDUSTRIES LTD;Consumi Discrezionali;Azionario;35.144.350,51;0,49;35.144.350,51;899.100,00;39,09;Giappone;Tokyo Stock Exchange;JPY
6146;DISCO CORP;IT;Azionario;33.089.909,67;0,46;33.089.909,67;116.500,00;284,03;Giappone;Tokyo Stock Exchange;JPY
5108;BRIDGESTONE CORP;Consumi Discrezionali;Azionario;33.069.197,98;0,46;33.069.197,98;718.200,00;46,04;Giappone;Tokyo Stock Exchange;JPY
4578;OTSUKA HOLDINGS LTD;Salute;Azionario;33.016.811,86;0,46;33.016.811,86;555.200,00;59,47;Giappone;Tokyo Stock Exchange;JPY
5803;FUJIKURA LTD;Industriali;Azionario;32.752.142,47;0,45;32.752.142,47;319.200,00;102,61;Giappone;Tokyo Stock Exchange;JPY
8802;MITSUBISHI ESTATE CO LTD;Immobili;Azionario;32.692.712,72;0,45;32.692.712,72;1.346.000,00;24,29;Giappone;Tokyo Stock Exchange;JPY
7751;CANON INC;IT;Azionario;32.573.573,56;0,45;32.573.573,56;1.086.100,00;29,99;Giappone;Tokyo Stock Exchange;JPY
9020;EAST JAPAN RAILWAY;Industriali;Azionario;32.468.931,82;0,45;32.468.931,82;1.231.800,00;26,36;Giappone;Tokyo Stock Exchange;JPY
8604;NOMURA HOLDINGS INC;Finanziari;Azionario;31.292.690,86;0,43;31.292.690,86;3.829.600,00;8,17;Giappone;Tokyo Stock Exchange;JPY
4503;ASTELLAS PHARMA INC;Salute;Azionario;30.993.168,54;0,43;30.993.168,54;2.277.200,00;13,61;Giappone;Tokyo Stock Exchange;JPY
4901;FUJIFILM HOLDINGS CORP;IT;Azionario;30.650.603,36;0,43;30.650.603,36;1.410.100,00;21,74;Giappone;Tokyo Stock Exchange;JPY
7269;SUZUKI MOTOR CORP;Consumi Discrezionali;Azionario;30.085.793,50;0,42;30.085.793,50;2.006.300,00;15,00;Giappone;Tokyo Stock Exchange;JPY
6902;DENSO CORP;Consumi Discrezionali;Azionario;29.927.809,64;0,42;29.927.809,64;2.189.100,00;13,67;Giappone;Tokyo Stock Exchange;JPY
7182;JAPAN POST BANK LTD;Finanziari;Azionario;29.550.450,35;0,41;29.550.450,35;2.270.400,00;13,02;Giappone;Tokyo Stock Exchange;JPY
6723;RENESAS ELECTRONICS CORP;IT;Azionario;28.905.265,36;0,40;28.905.265,36;2.231.300,00;12,95;Giappone;Tokyo Stock Exchange;JPY
8015;TOYOTA TSUSHO CORP;Industriali;Azionario;28.447.255,78;0,39;28.447.255,78;864.900,00;32,89;Giappone;Tokyo Stock Exchange;JPY
9022;CENTRAL JAPAN RAILWAY;Industriali;Azionario;27.783.834,26;0,39;27.783.834,26;970.500,00;28,63;Giappone;Tokyo Stock Exchange;JPY
4543;TERUMO CORP;Salute;Azionario;25.524.947,76;0,35;25.524.947,76;1.696.700,00;15,04;Giappone;Tokyo Stock Exchange;JPY
8308;RESONA HOLDINGS INC;Finanziari;Azionario;25.490.035,04;0,35;25.490.035,04;2.599.900,00;9,80;Giappone;Tokyo Stock Exchange;JPY
4661;ORIENTAL LAND LTD;Consumi Discrezionali;Azionario;25.264.651,07;0,35;25.264.651,07;1.376.700,00;18,35;Giappone;Tokyo Stock Exchange;JPY
6273;SMC (JAPAN) CORP;Industriali;Azionario;25.056.131,67;0,35;25.056.131,67;72.200,00;347,04;Giappone;Tokyo Stock Exchange;JPY
2802;AJINOMOTO INC;Generi di largo consumo;Azionario;24.626.103,06;0,34;24.626.103,06;1.142.400,00;21,56;Giappone;Tokyo Stock Exchange;JPY
4452;KAO CORP;Generi di largo consumo;Azionario;23.933.004,60;0,33;23.933.004,60;586.800,00;40,79;Giappone;Tokyo Stock Exchange;JPY
1925;DAIWA HOUSE INDUSTRY LTD;Immobili;Azionario;23.889.347,13;0,33;23.889.347,13;705.500,00;33,86;Giappone;Tokyo Stock Exchange;JPY
8309;SUMITOMO MITSUI TRUST GROUP INC;Finanziari;Azionario;23.824.508,66;0,33;23.824.508,66;796.600,00;29,91;Giappone;Tokyo Stock Exchange;JPY
6201;TOYOTA INDUSTRIES CORP;Industriali;Azionario;23.725.256,36;0,33;23.725.256,36;208.200,00;113,95;Giappone;Tokyo Stock Exchange;JPY
5020;ENEOS HOLDINGS INC;Energia;Azionario;23.648.659,17;0,33;23.648.659,17;3.436.180,00;6,88;Giappone;Tokyo Stock Exchange;JPY
5401;NIPPON STEEL CORP;Materiali;Azionario;23.624.947,17;0,33;23.624.947,17;6.100.170,00;3,87;Giappone;Tokyo Stock Exchange;JPY
6178;JAPAN POST HOLDINGS LTD;Finanziari;Azionario;23.378.999,65;0,32;23.378.999,65;2.262.200,00;10,33;Giappone;Tokyo Stock Exchange;JPY
6971;KYOCERA CORP;IT;Azionario;23.047.398,82;0,32;23.047.398,82;1.632.100,00;14,12;Giappone;Tokyo Stock Exchange;JPY
7013;IHI CORP;Industriali;Azionario;23.014.876,72;0,32;23.014.876,72;1.302.000,00;17,68;Giappone;Tokyo Stock Exchange;JPY
1605;INPEX CORP;Energia;Azionario;22.313.369,12;0,31;22.313.369,12;1.114.200,00;20,03;Giappone;Tokyo Stock Exchange;JPY
7936;ASICS CORP;Consumi Discrezionali;Azionario;21.540.287,38;0,30;21.540.287,38;874.800,00;24,62;Giappone;Tokyo Stock Exchange;JPY
6988;NITTO DENKO CORP;Materiali;Azionario;20.151.776,01;0,28;20.151.776,01;852.000,00;23,65;Giappone;Tokyo Stock Exchange;JPY
2502;ASAHI GROUP HOLDINGS LTD;Generi di largo consumo;Azionario;20.053.474,88;0,28;20.053.474,88;1.910.700,00;10,50;Giappone;Tokyo Stock Exchange;JPY
7832;BANDAI NAMCO HOLDINGS INC;Consumi Discrezionali;Azionario;20.043.271,08;0,28;20.043.271,08;738.600,00;27,14;Giappone;Tokyo Stock Exchange;JPY
1812;KAJIMA CORP;Industriali;Azionario;20.020.091,93;0,28;20.020.091,93;538.200,00;37,20;Giappone;Tokyo Stock Exchange;JPY
8830;SUMITOMO REALTY & DEVELOPMENT LTD;Immobili;Azionario;19.732.676,72;0,27;19.732.676,72;390.300,00;50,56;Giappone;Tokyo Stock Exchange;JPY
9503;KANSAI ELECTRIC POWER INC;Imprese di servizi di pubblica utilità;Azionario;19.129.382,49;0,27;19.129.382,49;1.202.700,00;15,91;Giappone;Tokyo Stock Exchange;JPY
4307;NOMURA RESEARCH INSTITUTE LTD;IT;Azionario;18.597.165,19;0,26;18.597.165,19;472.740,00;39,34;Giappone;Tokyo Stock Exchange;JPY
6920;LASERTEC CORP;IT;Azionario;18.546.677,81;0,26;18.546.677,81;102.700,00;180,59;Giappone;Tokyo Stock Exchange;JPY
7733;OLYMPUS CORP;Salute;Azionario;18.171.099,04;0,25;18.171.099,04;1.419.600,00;12,80;Giappone;Tokyo Stock Exchange;JPY
9735;SECOM LTD;Industriali;Azionario;18.147.370,21;0,25;18.147.370,21;498.100,00;36,43;Giappone;Tokyo Stock Exchange;JPY
6326;KUBOTA CORP;Industriali;Azionario;17.822.542,03;0,25;17.822.542,03;1.243.700,00;14,33;Giappone;Tokyo Stock Exchange;JPY
9766;KONAMI GROUP CORP;Comunicazione;Azionario;17.656.999,58;0,24;17.656.999,58;126.100,00;140,02;Giappone;Tokyo Stock Exchange;JPY
1802;OBAYASHI CORP;Industriali;Azionario;16.912.460,70;0,23;16.912.460,70;806.700,00;20,96;Giappone;Tokyo Stock Exchange;JPY
1801;TAISEI CORP;Industriali;Azionario;16.862.168,50;0,23;16.862.168,50;183.800,00;91,74;Giappone;Tokyo Stock Exchange;JPY
1928;SEKISUI HOUSE LTD;Consumi Discrezionali;Azionario;16.751.383,84;0,23;16.751.383,84;757.000,00;22,13;Giappone;Tokyo Stock Exchange;JPY
9531;TOKYO GAS LTD;Imprese di servizi di pubblica utilità;Azionario;16.692.442,70;0,23;16.692.442,70;408.500,00;40,86;Giappone;Tokyo Stock Exchange;JPY
4507;SHIONOGI LTD;Salute;Azionario;16.631.749,65;0,23;16.631.749,65;944.500,00;17,61;Giappone;Tokyo Stock Exchange;JPY
7270;SUBARU CORP;Consumi Discrezionali;Azionario;16.502.783,12;0,23;16.502.783,12;744.900,00;22,15;Giappone;Tokyo Stock Exchange;JPY
9101;NIPPON YUSEN;Industriali;Azionario;16.388.858,53;0,23;16.388.858,53;517.500,00;31,67;Giappone;Tokyo Stock Exchange;JPY
9532;OSAKA GAS LTD;Imprese di servizi di pubblica utilità;Azionario;15.943.989,20;0,22;15.943.989,20;455.800,00;34,98;Giappone;Tokyo Stock Exchange;JPY
2503;KIRIN HOLDINGS LTD;Generi di largo consumo;Azionario;15.285.613,49;0,21;15.285.613,49;991.700,00;15,41;Giappone;Tokyo Stock Exchange;JPY
8473;SBI HOLDINGS INC;Finanziari;Azionario;15.019.657,49;0,21;15.019.657,49;711.832,00;21,10;Giappone;Tokyo Stock Exchange;JPY
7532;PAN PACIFIC INTERNATIONAL HOLDINGS;Consumi Discrezionali;Azionario;14.794.400,78;0,21;14.794.400,78;2.373.100,00;6,23;Giappone;Tokyo Stock Exchange;JPY
8601;DAIWA SECURITIES GROUP INC;Finanziari;Azionario;14.722.355,59;0,20;14.722.355,59;1.706.400,00;8,63;Giappone;Tokyo Stock Exchange;JPY
285A;KIOXIA HOLDINGS CORP;IT;Azionario;14.539.059,44;0,20;14.539.059,44;237.800,00;61,14;Giappone;Tokyo Stock Exchange;JPY
3407;ASAHI KASEI CORP;Materiali;Azionario;14.376.744,67;0,20;14.376.744,67;1.630.500,00;8,82;Giappone;Tokyo Stock Exchange;JPY
8697;JAPAN EXCHANGE GROUP INC;Finanziari;Azionario;13.740.831,27;0,19;13.740.831,27;1.278.300,00;10,75;Giappone;Tokyo Stock Exchange;JPY
6361;EBARA CORP;Industriali;Azionario;13.487.272,49;0,19;13.487.272,49;588.300,00;22,93;Giappone;Tokyo Stock Exchange;JPY
7012;KAWASAKI HEAVY INDUSTRIES LTD;Industriali;Azionario;13.217.988,36;0,18;13.217.988,36;186.400,00;70,91;Giappone;Tokyo Stock Exchange;JPY
6594;NIDEC CORP;Industriali;Azionario;13.213.599,28;0,18;13.213.599,28;1.032.300,00;12,80;Giappone;Tokyo Stock Exchange;JPY
8795;T&D HOLDINGS INC;Finanziari;Azionario;13.197.130,09;0,18;13.197.130,09;580.200,00;22,75;Giappone;Tokyo Stock Exchange;JPY
6504;FUJI ELECTRIC LTD;Industriali;Azionario;12.881.513,39;0,18;12.881.513,39;179.700,00;71,68;Giappone;Tokyo Stock Exchange;JPY
9502;CHUBU ELECTRIC POWER INC;Imprese di servizi di pubblica utilità;Azionario;12.876.782,28;0,18;12.876.782,28;855.400,00;15,05;Giappone;Tokyo Stock Exchange;JPY
4684;OBIC LTD;IT;Azionario;12.831.208,97;0,18;12.831.208,97;406.400,00;31,57;Giappone;Tokyo Stock Exchange;JPY
6383;DAIFUKU LTD;Industriali;Azionario;12.721.071,07;0,18;12.721.071,07;411.800,00;30,89;Giappone;Tokyo Stock Exchange;JPY
9104;MITSUI OSK LINES LTD;Industriali;Azionario;12.669.459,64;0,18;12.669.459,64;435.700,00;29,08;Giappone;Tokyo Stock Exchange;JPY
7453;RYOHIN KEIKAKU LTD;Consumi Discrezionali;Azionario;12.246.128,77;0,17;12.246.128,77;640.600,00;19,12;Giappone;Tokyo Stock Exchange;JPY
7259;AISIN CORP;Consumi Discrezionali;Azionario;12.154.424,76;0,17;12.154.424,76;640.000,00;18,99;Giappone;Tokyo Stock Exchange;JPY
5713;SUMITOMO METAL MINING LTD;Materiali;Azionario;11.695.305,54;0,16;11.695.305,54;313.700,00;37,28;Giappone;Tokyo Stock Exchange;JPY
4755;RAKUTEN GROUP INC;Consumi Discrezionali;Azionario;11.373.406,92;0,16;11.373.406,92;1.883.800,00;6,04;Giappone;Tokyo Stock Exchange;JPY
3402;TORAY INDUSTRIES INC;Materiali;Azionario;11.371.115,75;0,16;11.371.115,75;1.744.300,00;6,52;Giappone;Tokyo Stock Exchange;JPY
3659;NEXON LTD;Comunicazione;Azionario;11.204.283,87;0,16;11.204.283,87;466.106,00;24,04;Giappone;Tokyo Stock Exchange;JPY
1803;SHIMIZU CORP;Industriali;Azionario;10.972.171,40;0,15;10.972.171,40;647.200,00;16,95;Giappone;Tokyo Stock Exchange;JPY
4062;IBIDEN LTD;IT;Azionario;10.900.768,27;0,15;10.900.768,27;152.000,00;71,72;Giappone;Tokyo Stock Exchange;JPY
7186;YOKOHAMA FINANCIAL GROUP INC;Finanziari;Azionario;10.690.599,83;0,15;10.690.599,83;1.303.700,00;8,20;Giappone;Tokyo Stock Exchange;JPY
7202;ISUZU MOTORS LTD;Consumi Discrezionali;Azionario;10.641.012,25;0,15;10.641.012,25;687.500,00;15,48;Giappone;Tokyo Stock Exchange;JPY
9021;WEST JAPAN RAILWAY;Industriali;Azionario;10.227.484,01;0,14;10.227.484,01;514.500,00;19,88;Giappone;Tokyo Stock Exchange;JPY
7309;SHIMANO INC;Consumi Discrezionali;Azionario;10.086.727,31;0,14;10.086.727,31;94.800,00;106,40;Giappone;Tokyo Stock Exchange;JPY
9697;CAPCOM LTD;Comunicazione;Azionario;9.888.809,67;0,14;9.888.809,67;437.100,00;22,62;Giappone;Tokyo Stock Exchange;JPY
4689;LY CORP;Comunicazione;Azionario;9.803.379,73;0,14;9.803.379,73;3.639.300,00;2,69;Giappone;Tokyo Stock Exchange;JPY
4523;EISAI LTD;Salute;Azionario;9.519.864,35;0,13;9.519.864,35;323.100,00;29,46;Giappone;Tokyo Stock Exchange;JPY
8593;MITSUBISHI HC CAPITAL INC;Finanziari;Azionario;9.479.344,24;0,13;9.479.344,24;1.149.680,00;8,25;Giappone;Tokyo Stock Exchange;JPY
5411;JFE HOLDINGS INC;Materiali;Azionario;9.297.400,11;0,13;9.297.400,11;735.400,00;12,64;Giappone;Tokyo Stock Exchange;JPY
6479;MINEBEA MITSUMI INC;Industriali;Azionario;9.290.838,82;0,13;9.290.838,82;466.025,00;19,94;Giappone;Tokyo Stock Exchange;JPY
4188;MITSUBISHI CHEMICAL GROUP CORP;Materiali;Azionario;9.169.131,12;0,13;9.169.131,12;1.607.000,00;5,71;Giappone;Tokyo Stock Exchange;JPY
9843;NITORI HOLDINGS LTD;Consumi Discrezionali;Azionario;9.136.808,00;0,13;9.136.808,00;492.100,00;18,57;Giappone;Tokyo Stock Exchange;JPY
3626;TIS INC;IT;Azionario;9.136.931,43;0,13;9.136.931,43;268.000,00;34,09;Giappone;Tokyo Stock Exchange;JPY
6841;YOKOGAWA ELECTRIC CORP;IT;Azionario;9.096.994,44;0,13;9.096.994,44;287.600,00;31,63;Giappone;Tokyo Stock Exchange;JPY
8951;NIPPON BUILDING FUND REIT INC;Immobili;Azionario;9.096.994,44;0,13;9.096.994,44;9.840,00;924,49;Giappone;Tokyo Stock Exchange;JPY
7911;TOPPAN HOLDINGS INC;Industriali;Azionario;8.959.600,12;0,12;8.959.600,12;296.200,00;30,25;Giappone;Tokyo Stock Exchange;JPY
7912;DAI NIPPON PRINTING LTD;Industriali;Azionario;8.771.868,27;0,12;8.771.868,27;504.500,00;17,39;Giappone;Tokyo Stock Exchange;JPY
7272;YAMAHA MOTOR LTD;Consumi Discrezionali;Azionario;8.589.318,85;0,12;8.589.318,85;1.128.400,00;7,61;Giappone;Tokyo Stock Exchange;JPY
6586;MAKITA CORP;Industriali;Azionario;8.529.878,81;0,12;8.529.878,81;280.800,00;30,38;Giappone;Tokyo Stock Exchange;JPY
5201;AGC INC;Industriali;Azionario;8.484.222,57;0,12;8.484.222,57;253.200,00;33,51;Giappone;Tokyo Stock Exchange;JPY
9024;SEIBU HOLDINGS INC;Industriali;Azionario;8.197.283,10;0,11;8.197.283,10;280.600,00;29,21;Giappone;Tokyo Stock Exchange;JPY
6506;YASKAWA ELECTRIC CORP;Industriali;Azionario;8.195.956,15;0,11;8.195.956,15;290.000,00;28,26;Giappone;Tokyo Stock Exchange;JPY
7735;SCREEN HOLDINGS LTD;IT;Azionario;8.189.810,02;0,11;8.189.810,02;99.600,00;82,23;Giappone;Tokyo Stock Exchange;JPY
2801;KIKKOMAN CORP;Generi di largo consumo;Azionario;8.149.276,42;0,11;8.149.276,42;868.800,00;9,38;Giappone;Tokyo Stock Exchange;JPY
5831;SHIZUOKA FINANCIAL GROUP INC;Finanziari;Azionario;8.139.014,43;0,11;8.139.014,43;529.700,00;15,37;Giappone;Tokyo Stock Exchange;JPY
4004;RESONAC HOLDINGS;Materiali;Azionario;8.138.066,80;0,11;8.138.066,80;218.700,00;37,21;Giappone;Tokyo Stock Exchange;JPY
2768;SOJITZ CORP;Industriali;Azionario;8.104.140,02;0,11;8.104.140,02;263.660,00;30,74;Giappone;Tokyo Stock Exchange;JPY
4612;NIPPON PAINT HOLDINGS LTD;Materiali;Azionario;8.053.152,46;0,11;8.053.152,46;1.209.100,00;6,66;Giappone;Tokyo Stock Exchange;JPY
9501;TOKYO ELECTRIC POWER HOLDINGS INC;Imprese di servizi di pubblica utilità;Azionario;8.011.337,36;0,11;8.011.337,36;1.940.700,00;4,13;Giappone;Tokyo Stock Exchange;JPY
7701;SHIMADZU CORP;IT;Azionario;7.985.351,51;0,11;7.985.351,51;291.500,00;27,39;Giappone;Tokyo Stock Exchange;JPY
8729;SONY FINANCIAL GROUP INC;Finanziari;Azionario;7.978.773,54;0,11;7.978.773,54;7.694.100,00;1,04;Giappone;Tokyo Stock Exchange;JPY
8113;UNICHARM CORP;Generi di largo consumo;Azionario;7.971.414,57;0,11;7.971.414,57;1.367.200,00;5,83;Giappone;Tokyo Stock Exchange;JPY
5706;MITSUI KINZOKU LIMITED LTD;Materiali;Azionario;7.940.467,39;0,11;7.940.467,39;71.600,00;110,90;Giappone;Tokyo Stock Exchange;JPY
5334;NITERRA LTD;Consumi Discrezionali;Azionario;7.875.909,87;0,11;7.875.909,87;183.200,00;42,99;Giappone;Tokyo Stock Exchange;JPY
8331;CHIBA BANK LTD;Finanziari;Azionario;7.861.444,60;0,11;7.861.444,60;712.800,00;11,03;Giappone;Tokyo Stock Exchange;JPY
4204;SEKISUI CHEMICAL LTD;Industriali;Azionario;7.740.543,89;0,11;7.740.543,89;462.900,00;16,72;Giappone;Tokyo Stock Exchange;JPY
2875;TOYO SUISAN LTD;Generi di largo consumo;Azionario;7.732.456,85;0,11;7.732.456,85;108.600,00;71,20;Giappone;Tokyo Stock Exchange;JPY
4911;SHISEIDO LTD;Generi di largo consumo;Azionario;7.727.332,93;0,11;7.727.332,93;509.300,00;15,17;Giappone;Tokyo Stock Exchange;JPY
2413;M3 INC;Salute;Azionario;7.677.548,62;0,11;7.677.548,62;571.800,00;13,43;Giappone;Tokyo Stock Exchange;JPY
9042;HANKYU HANSHIN HOLDINGS INC;Industriali;Azionario;7.653.444,34;0,11;7.653.444,34;301.000,00;25,43;Giappone;Tokyo Stock Exchange;JPY
6532;BAYCURRENT INC;Industriali;Azionario;7.643.879,26;0,11;7.643.879,26;176.300,00;43,36;Giappone;Tokyo Stock Exchange;JPY
9005;TOKYU CORP;Industriali;Azionario;7.609.721,95;0,11;7.609.721,95;648.400,00;11,74;Giappone;Tokyo Stock Exchange;JPY
5016;JX ADVANCED METALS CORP;Materiali;Azionario;7.557.618,70;0,10;7.557.618,70;698.900,00;10,81;Giappone;Tokyo Stock Exchange;JPY
3088;MATSUKIYOKARA;Generi di largo consumo;Azionario;7.554.356,04;0,10;7.554.356,04;412.730,00;18,30;Giappone;Tokyo Stock Exchange;JPY
7167;MEBUKI FINANCIAL GROUP INC;Finanziari;Azionario;7.429.801,22;0,10;7.429.801,22;1.096.980,00;6,77;Giappone;Tokyo Stock Exchange;JPY
9602;TOHO (TOKYO) LTD;Comunicazione;Azionario;7.407.356,71;0,10;7.407.356,71;138.300,00;53,56;Giappone;Tokyo Stock Exchange;JPY
7201;NISSAN MOTOR LTD;Consumi Discrezionali;Azionario;7.297.708,64;0,10;7.297.708,64;2.864.300,00;2,55;Giappone;Tokyo Stock Exchange;JPY
5019;IDEMITSU KOSAN LTD;Energia;Azionario;7.294.591,57;0,10;7.294.591,57;970.605,00;7,52;Giappone;Tokyo Stock Exchange;JPY
8953;JAPAN METROPOLITAN FUND INVESTMENT;Immobili;Azionario;7.287.709,67;0,10;7.287.709,67;9.231,00;789,48;Giappone;Tokyo Stock Exchange;JPY
8354;FUKUOKA FINANCIAL GROUP INC;Finanziari;Azionario;7.261.910,21;0,10;7.261.910,21;226.636,00;32,04;Giappone;Tokyo Stock Exchange;JPY
6525;KOKUSAI ELECTRIC CORP;IT;Azionario;7.141.955,06;0,10;7.141.955,06;246.100,00;29,02;Giappone;Tokyo Stock Exchange;JPY
4704;TREND MICRO INC;IT;Azionario;7.133.575,49;0,10;7.133.575,49;158.400,00;45,04;Giappone;Tokyo Stock Exchange;JPY
8136;SANRIO LTD;Consumi Discrezionali;Azionario;7.119.370,60;0,10;7.119.370,60;222.500,00;32,00;Giappone;Tokyo Stock Exchange;JPY
7550;ZENSHO HOLDINGS LTD;Consumi Discrezionali;Azionario;7.116.911,50;0,10;7.116.911,50;120.000,00;59,31;Giappone;Tokyo Stock Exchange;JPY
1878;DAITO TRUST CONSTRUCTION LTD;Immobili;Azionario;7.038.923,14;0,10;7.038.923,14;362.900,00;19,40;Giappone;Tokyo Stock Exchange;JPY
3563;FOOD & LIFE COMPANIES LTD;Consumi Discrezionali;Azionario;7.029.194,12;0,10;7.029.194,12;145.200,00;48,41;Giappone;Tokyo Stock Exchange;JPY
2269;MEIJI HOLDINGS LTD;Generi di largo consumo;Azionario;7.019.717,77;0,10;7.019.717,77;320.200,00;21,92;Giappone;Tokyo Stock Exchange;JPY
7181;JAPAN POST INSURANCE LTD;Finanziari;Azionario;6.985.872,90;0,10;6.985.872,90;243.200,00;28,72;Giappone;Tokyo Stock Exchange;JPY
3289;TOKYU FUDOSAN HOLDINGS CORP;Immobili;Azionario;6.888.675,30;0,10;6.888.675,30;749.300,00;9,19;Giappone;Tokyo Stock Exchange;JPY
1944;KINDEN CORP;Industriali;Azionario;6.677.090,87;0,09;6.677.090,87;157.100,00;42,50;Giappone;Tokyo Stock Exchange;JPY
8952;JAPAN REAL ESTATE INVESTMENT TRUST;Immobili;Azionario;6.614.638,85;0,09;6.614.638,85;7.860,00;841,56;Giappone;Tokyo Stock Exchange;JPY
4528;ONO PHARMACEUTICAL LTD;Salute;Azionario;6.549.530,68;0,09;6.549.530,68;465.500,00;14,07;Giappone;Tokyo Stock Exchange;JPY
5333;NGK INSULATORS LTD;Industriali;Azionario;6.540.003,21;0,09;6.540.003,21;310.900,00;21,04;Giappone;Tokyo Stock Exchange;JPY
5101;YOKOHAMA RUBBER LTD;Consumi Discrezionali;Azionario;6.417.196,31;0,09;6.417.196,31;159.400,00;40,26;Giappone;Tokyo Stock Exchange;JPY
4091;NIPPON SANSO HOLDINGS CORP;Materiali;Azionario;6.371.464,85;0,09;6.371.464,85;212.900,00;29,93;Giappone;Tokyo Stock Exchange;JPY
3197;SKYLARK HOLDINGS LTD;Consumi Discrezionali;Azionario;6.330.576,36;0,09;6.330.576,36;285.500,00;22,17;Giappone;Tokyo Stock Exchange;JPY
3003;HULIC LTD;Immobili;Azionario;6.278.808,06;0,09;6.278.808,06;569.800,00;11,02;Giappone;Tokyo Stock Exchange;JPY
9107;KAWASAKI KISEN LTD;Industriali;Azionario;6.264.815,97;0,09;6.264.815,97;454.400,00;13,79;Giappone;Tokyo Stock Exchange;JPY
3099;ISETAN MITSUKOSHI HOLDINGS LTD;Consumi Discrezionali;Azionario;6.260.376,74;0,09;6.260.376,74;414.900,00;15,09;Giappone;Tokyo Stock Exchange;JPY
1808;HASEKO CORP;Consumi Discrezionali;Azionario;6.189.452,57;0,09;6.189.452,57;313.800,00;19,72;Giappone;Tokyo Stock Exchange;JPY
6869;SYSMEX CORP;Salute;Azionario;6.184.012,34;0,09;6.184.012,34;616.400,00;10,03;Giappone;Tokyo Stock Exchange;JPY
5929;SANWA HOLDINGS CORP;Industriali;Azionario;6.116.669,77;0,08;6.116.669,77;229.700,00;26,63;Giappone;Tokyo Stock Exchange;JPY
5844;KYOTO FINANCIAL GROUP INC;Finanziari;Azionario;6.105.789,32;0,08;6.105.789,32;281.400,00;21,70;Giappone;Tokyo Stock Exchange;JPY
9147;NIPPON EXPRESS HOLDINGS INC;Industriali;Azionario;6.080.041,15;0,08;6.080.041,15;284.000,00;21,41;Giappone;Tokyo Stock Exchange;JPY
3391;TSURUHA HOLDINGS INC;Generi di largo consumo;Azionario;6.042.290,01;0,08;6.042.290,01;335.660,00;18,00;Giappone;Tokyo Stock Exchange;JPY
4732;USS LTD;Consumi Discrezionali;Azionario;6.000.371,92;0,08;6.000.371,92;523.900,00;11,45;Giappone;Tokyo Stock Exchange;JPY
6448;BROTHER INDUSTRIES LTD;IT;Azionario;5.913.465,56;0,08;5.913.465,56;295.000,00;20,05;Giappone;Tokyo Stock Exchange;JPY
4768;OTSUKA CORP;IT;Azionario;5.911.157,54;0,08;5.911.157,54;278.200,00;21,25;Giappone;Tokyo Stock Exchange;JPY
3288;OPEN HOUSE GROUP LTD;Consumi Discrezionali;Azionario;5.901.704,33;0,08;5.901.704,33;101.300,00;58,26;Giappone;Tokyo Stock Exchange;JPY
9435;HIKARI TSUSHIN INC;Industriali;Azionario;5.886.399,43;0,08;5.886.399,43;21.000,00;280,30;Giappone;Tokyo Stock Exchange;JPY
6645;OMRON CORP;IT;Azionario;5.882.127,36;0,08;5.882.127,36;233.700,00;25,17;Giappone;Tokyo Stock Exchange;JPY
1911;SUMITOMO FORESTRY LTD;Consumi Discrezionali;Azionario;5.832.627,21;0,08;5.832.627,21;568.800,00;10,25;Giappone;Tokyo Stock Exchange;JPY
9684;SQUARE ENIX HLDG LTD;Comunicazione;Azionario;5.794.208,11;0,08;5.794.208,11;313.700,00;18,47;Giappone;Tokyo Stock Exchange;JPY
3861;OJI HOLDINGS CORP;Materiali;Azionario;5.783.766,24;0,08;5.783.766,24;1.057.400,00;5,47;Giappone;Tokyo Stock Exchange;JPY
9508;KYUSHU ELECTRIC POWER INC;Imprese di servizi di pubblica utilità;Azionario;5.775.881,26;0,08;5.775.881,26;541.700,00;10,66;Giappone;Tokyo Stock Exchange;JPY
7752;RICOH LTD;IT;Azionario;5.774.627,28;0,08;5.774.627,28;662.400,00;8,72;Giappone;Tokyo Stock Exchange;JPY
5406;KOBE STEEL LTD;Materiali;Azionario;5.742.443,67;0,08;5.742.443,67;449.300,00;12,78;Giappone;Tokyo Stock Exchange;JPY
4183;MITSUI CHEMICALS INC;Materiali;Azionario;5.713.595,42;0,08;5.713.595,42;231.800,00;24,65;Giappone;Tokyo Stock Exchange;JPY
6963;ROHM LTD;IT;Azionario;5.643.342,76;0,08;5.643.342,76;417.500,00;13,52;Giappone;Tokyo Stock Exchange;JPY
8972;KDX REALTY INVESTMENT CORP;Immobili;Azionario;5.643.368,16;0,08;5.643.368,16;4.979,00;1.133,43;Giappone;Tokyo Stock Exchange;JPY
4021;NISSAN CHEMICAL CORP;Materiali;Azionario;5.634.582,28;0,08;5.634.582,28;163.300,00;34,50;Giappone;Tokyo Stock Exchange;JPY
8804;TOKYO TATEMONO LTD;Immobili;Azionario;5.573.243,76;0,08;5.573.243,76;245.300,00;22,72;Giappone;Tokyo Stock Exchange;JPY
7261;MAZDA MOTOR CORP;Consumi Discrezionali;Azionario;5.560.448,74;0,08;5.560.448,74;744.000,00;7,47;Giappone;Tokyo Stock Exchange;JPY
9962;MISUMI GROUP INC;Industriali;Azionario;5.537.062,09;0,08;5.537.062,09;351.751,00;15,74;Giappone;Tokyo Stock Exchange;JPY
4324;DENTSU GROUP INC;Comunicazione;Azionario;5.529.059,11;0,08;5.529.059,11;251.100,00;22,02;Giappone;Tokyo Stock Exchange;JPY
5838;RAKUTEN BANK LTD;Finanziari;Azionario;5.469.606,87;0,08;5.469.606,87;124.200,00;44,04;Giappone;Tokyo Stock Exchange;JPY
3462;NOMURA REAL ESTATE MASTER FUND REI;Immobili;Azionario;5.457.618,05;0,08;5.457.618,05;4.947,00;1.103,22;Giappone;Tokyo Stock Exchange;JPY
3281;GLP J-REIT REIT;Immobili;Azionario;5.446.716,38;0,08;5.446.716,38;5.783,00;941,85;Giappone;Tokyo Stock Exchange;JPY
6370;KURITA WATER INDUSTRIES LTD;Industriali;Azionario;5.424.684,82;0,08;5.424.684,82;135.700,00;39,98;Giappone;Tokyo Stock Exchange;JPY
7747;ASAHI INTECC LTD;Salute;Azionario;5.360.813,91;0,07;5.360.813,91;276.200,00;19,41;Giappone;Tokyo Stock Exchange;JPY
5801;FURUKAWA ELECTRIC LTD;Industriali;Azionario;5.189.790,74;0,07;5.189.790,74;89.100,00;58,25;Giappone;Tokyo Stock Exchange;JPY
2267;YAKULT HONSHA LTD;Generi di largo consumo;Azionario;5.156.209,78;0,07;5.156.209,78;328.900,00;15,68;Giappone;Tokyo Stock Exchange;JPY
8984;DAIWA HOUSE REIT CORP;Immobili;Azionario;5.143.467,16;0,07;5.143.467,16;5.662,00;908,42;Giappone;Tokyo Stock Exchange;JPY
8359;HACHIJUNI BANK LTD;Finanziari;Azionario;5.138.514,90;0,07;5.138.514,90;484.700,00;10,60;Giappone;Tokyo Stock Exchange;JPY
2587;SUNTORY BEVERAGE & FOOD LTD;Generi di largo consumo;Azionario;5.102.290,01;0,07;5.102.290,01;165.100,00;30,90;Giappone;Tokyo Stock Exchange;JPY
4042;TOSOH CORP;Materiali;Azionario;5.074.369,48;0,07;5.074.369,48;340.800,00;14,89;Giappone;Tokyo Stock Exchange;JPY
4005;SUMITOMO CHEMICAL LTD;Materiali;Azionario;5.054.735,29;0,07;5.054.735,29;1.803.300,00;2,80;Giappone;Tokyo Stock Exchange;JPY
6845;AZBIL CORP;IT;Azionario;5.046.583,30;0,07;5.046.583,30;562.300,00;8,97;Giappone;Tokyo Stock Exchange;JPY
3283;NIPPON PROLOGIS REIT INC;Immobili;Azionario;5.035.863,58;0,07;5.035.863,58;8.459,00;595,33;Giappone;Tokyo Stock Exchange;JPY
6113;AMADA LTD;Industriali;Azionario;5.031.907,17;0,07;5.031.907,17;420.800,00;11,96;Giappone;Tokyo Stock Exchange;JPY
4403;NOF CORP;Materiali;Azionario;4.919.973,00;0,07;4.919.973,00;240.200,00;20,48;Giappone;Tokyo Stock Exchange;JPY
2282;NH FOODS LTD;Generi di largo consumo;Azionario;4.899.652,19;0,07;4.899.652,19;111.600,00;43,90;Giappone;Tokyo Stock Exchange;JPY
3092;ZOZO INC;Consumi Discrezionali;Azionario;4.884.488,41;0,07;4.884.488,41;560.500,00;8,71;Giappone;Tokyo Stock Exchange;JPY
4151;KYOWA KIRIN LTD;Salute;Azionario;4.875.558,84;0,07;4.875.558,84;295.200,00;16,52;Giappone;Tokyo Stock Exchange;JPY
9142;KYUSHU RAILWAY;Industriali;Azionario;4.843.316,73;0,07;4.843.316,73;183.700,00;26,37;Giappone;Tokyo Stock Exchange;JPY
8960;UNITED URBAN INVESTMENT REIT CORP;Immobili;Azionario;4.770.131,47;0,07;4.770.131,47;4.079,00;1.169,44;Giappone;Tokyo Stock Exchange;JPY
2897;NISSIN FOODS HOLDINGS LTD;Generi di largo consumo;Azionario;4.760.683,40;0,07;4.760.683,40;252.300,00;18,87;Giappone;Tokyo Stock Exchange;JPY
5830;IYOGIN HOLDINGS INC;Finanziari;Azionario;4.733.795,36;0,07;4.733.795,36;288.300,00;16,42;Giappone;Tokyo Stock Exchange;JPY
2702;MCDONALDS HOLDINGS (JAPAN) LTD;Consumi Discrezionali;Azionario;4.703.102,00;0,07;4.703.102,00;112.200,00;41,92;Giappone;Tokyo Stock Exchange;JPY
3064;MONOTARO LTD;Industriali;Azionario;4.639.260,34;0,06;4.639.260,34;302.500,00;15,34;Giappone;Tokyo Stock Exchange;JPY
8252;MARUI GROUP LTD;Finanziari;Azionario;4.627.220,42;0,06;4.627.220,42;221.800,00;20,86;Giappone;Tokyo Stock Exchange;JPY
4751;CYBER AGENT INC;Comunicazione;Azionario;4.586.751,10;0,06;4.586.751,10;544.200,00;8,43;Giappone;Tokyo Stock Exchange;JPY
6724;SEIKO EPSON CORP;IT;Azionario;4.576.154,49;0,06;4.576.154,49;355.100,00;12,89;Giappone;Tokyo Stock Exchange;JPY
5332;TOTO LTD;Industriali;Azionario;4.574.671,64;0,06;4.574.671,64;168.100,00;27,21;Giappone;Tokyo Stock Exchange;JPY
6465;HOSHIZAKI CORP;Industriali;Azionario;4.566.974,19;0,06;4.566.974,19;135.000,00;33,83;Giappone;Tokyo Stock Exchange;JPY
3038;KOBE BUSSAN LTD;Generi di largo consumo;Azionario;4.562.474,53;0,06;4.562.474,53;183.900,00;24,81;Giappone;Tokyo Stock Exchange;JPY
9064;YAMATO HOLDINGS LTD;Industriali;Azionario;4.483.471,99;0,06;4.483.471,99;321.300,00;13,95;Giappone;Tokyo Stock Exchange;JPY
4186;TOKYO OHKA KOGYO LTD;Materiali;Azionario;4.476.537,34;0,06;4.476.537,34;125.800,00;35,58;Giappone;Tokyo Stock Exchange;JPY
6856;HORIBA LTD;IT;Azionario;4.441.261,37;0,06;4.441.261,37;44.800,00;99,14;Giappone;Tokyo Stock Exchange;JPY
6269;MODEC INC;Energia;Azionario;4.428.300,49;0,06;4.428.300,49;60.000,00;73,81;Giappone;Tokyo Stock Exchange;JPY
9506;TOHOKU ELECTRIC POWER INC;Imprese di servizi di pubblica utilità;Azionario;4.373.881,51;0,06;4.373.881,51;602.600,00;7,26;Giappone;Tokyo Stock Exchange;JPY
4536;SANTEN PHARMACEUTICAL LTD;Salute;Azionario;4.363.817,54;0,06;4.363.817,54;412.000,00;10,59;Giappone;Tokyo Stock Exchange;JPY
3086;J.FRONT RETAILING LTD;Consumi Discrezionali;Azionario;4.360.224,37;0,06;4.360.224,37;307.300,00;14,19;Giappone;Tokyo Stock Exchange;JPY
4716;ORACLE JAPAN CORP;IT;Azionario;4.352.637,50;0,06;4.352.637,50;49.800,00;87,40;Giappone;Tokyo Stock Exchange;JPY
2181;PERSOL HOLDINGS LTD;Industriali;Azionario;4.328.046,55;0,06;4.328.046,55;2.321.400,00;1,86;Giappone;Tokyo Stock Exchange;JPY
5105;TOYO TIRE CORP;Consumi Discrezionali;Azionario;4.319.663,12;0,06;4.319.663,12;154.000,00;28,05;Giappone;Tokyo Stock Exchange;JPY
8253;CREDIT SAISON LTD;Finanziari;Azionario;4.313.480,99;0,06;4.313.480,99;159.900,00;26,98;Giappone;Tokyo Stock Exchange;JPY
9007;ODAKYU ELECTRIC RAILWAY LTD;Industriali;Azionario;4.289.860,17;0,06;4.289.860,17;390.900,00;10,97;Giappone;Tokyo Stock Exchange;JPY
8954;ORIX JREIT REIT INC;Immobili;Azionario;4.256.815,71;0,06;4.256.815,71;6.288,00;676,97;Giappone;Tokyo Stock Exchange;JPY
8334;GUNMA BANK LTD;Finanziari;Azionario;4.250.231,12;0,06;4.250.231,12;380.600,00;11,17;Giappone;Tokyo Stock Exchange;JPY
5938;LIXIL CORP;Industriali;Azionario;4.161.510,82;0,06;4.161.510,82;346.800,00;12,00;Giappone;Tokyo Stock Exchange;JPY
8963;INVINCIBLE INVESTMENT REIT CORP;Immobili;Azionario;4.158.760,49;0,06;4.158.760,49;9.816,00;423,67;Giappone;Tokyo Stock Exchange;JPY
7003;MITSUI E&S LTD;Industriali;Azionario;4.145.102,70;0,06;4.145.102,70;125.000,00;33,16;Giappone;Tokyo Stock Exchange;JPY
9041;KINTETSU GROUP HOLDINGS LTD;Industriali;Azionario;4.108.031,76;0,06;4.108.031,76;215.800,00;19,04;Giappone;Tokyo Stock Exchange;JPY
8227;SHIMAMURA LTD;Consumi Discrezionali;Azionario;4.069.716,16;0,06;4.069.716,16;57.600,00;70,65;Giappone;Tokyo Stock Exchange;JPY
2501;SAPPORO HOLDINGS LTD;Generi di largo consumo;Azionario;4.050.008,68;0,06;4.050.008,68;77.400,00;52,33;Giappone;Tokyo Stock Exchange;JPY
1942;KANDENKO LTD;Industriali;Azionario;4.001.787,91;0,06;4.001.787,91;128.900,00;31,05;Giappone;Tokyo Stock Exchange;JPY
9009;KEISEI ELECTRIC RAILWAY LTD;Industriali;Azionario;3.977.167,38;0,06;3.977.167,38;479.000,00;8,30;Giappone;Tokyo Stock Exchange;JPY
7459;MEDIPAL HOLDINGS CORP;Salute;Azionario;3.921.638,11;0,05;3.921.638,11;218.400,00;17,96;Giappone;Tokyo Stock Exchange;JPY
3231;NOMURA REAL ESTATE HOLDINGS INC;Immobili;Azionario;3.917.455,53;0,05;3.917.455,53;642.900,00;6,09;Giappone;Tokyo Stock Exchange;JPY
6965;HAMAMATSU PHOTONICS;IT;Azionario;3.908.785,24;0,05;3.908.785,24;369.600,00;10,58;Giappone;Tokyo Stock Exchange;JPY
5214;NIPPON ELECTRIC GLASS LTD;IT;Azionario;3.907.705,17;0,05;3.907.705,17;100.500,00;38,88;Giappone;Tokyo Stock Exchange;JPY
5631;JAPAN STEEL WORKS LTD;Industriali;Azionario;3.850.943,46;0,05;3.850.943,46;81.000,00;47,54;Giappone;Tokyo Stock Exchange;JPY
6806;HIROSE ELECTRIC LTD;IT;Azionario;3.841.445,69;0,05;3.841.445,69;34.963,00;109,87;Giappone;Tokyo Stock Exchange;JPY
7731;NIKON CORP;Consumi Discrezionali;Azionario;3.837.807,71;0,05;3.837.807,71;352.600,00;10,88;Giappone;Tokyo Stock Exchange;JPY
6417;SANKYO LTD;Consumi Discrezionali;Azionario;3.809.607,51;0,05;3.809.607,51;235.800,00;16,16;Giappone;Tokyo Stock Exchange;JPY
9001;TOBU RAILWAY LTD;Industriali;Azionario;3.798.788,77;0,05;3.798.788,77;225.700,00;16,83;Giappone;Tokyo Stock Exchange;JPY
1721;COMSYS HOLDINGS CORP;Industriali;Azionario;3.783.912,69;0,05;3.783.912,69;134.900,00;28,05;Giappone;Tokyo Stock Exchange;JPY
9143;SG HOLDINGS LTD;Industriali;Azionario;3.771.394,13;0,05;3.771.394,13;394.500,00;9,56;Giappone;Tokyo Stock Exchange;JPY
3269;ADVANCE RESIDENCE INVESTMENT REIT;Immobili;Azionario;3.746.585,23;0,05;3.746.585,23;3.426,00;1.093,57;Giappone;Tokyo Stock Exchange;JPY
8377;HOKUHOKU FINANCIAL GROUP INC;Finanziari;Azionario;3.685.412,58;0,05;3.685.412,58;128.100,00;28,77;Giappone;Tokyo Stock Exchange;JPY
9202;ANA HOLDINGS INC;Industriali;Azionario;3.681.693,40;0,05;3.681.693,40;189.500,00;19,43;Giappone;Tokyo Stock Exchange;JPY
8985;JAPAN HOTEL INVESTMENT REIT CORP;Immobili;Azionario;3.672.739,72;0,05;3.672.739,72;6.713,00;547,11;Giappone;Tokyo Stock Exchange;JPY
4527;ROHTO PHARMACEUTICAL LTD;Generi di largo consumo;Azionario;3.649.064,58;0,05;3.649.064,58;221.500,00;16,47;Giappone;Tokyo Stock Exchange;JPY
5233;TAIHEIYO CEMENT CORP;Materiali;Azionario;3.648.393,07;0,05;3.648.393,07;149.300,00;24,44;Giappone;Tokyo Stock Exchange;JPY
4980;DEXERIALS CORP;IT;Azionario;3.645.240,61;0,05;3.645.240,61;203.700,00;17,90;Giappone;Tokyo Stock Exchange;JPY
4912;LION CORP;Generi di largo consumo;Azionario;3.609.460,93;0,05;3.609.460,93;332.800,00;10,85;Giappone;Tokyo Stock Exchange;JPY
3436;SUMCO CORP;IT;Azionario;3.601.938,35;0,05;3.601.938,35;441.500,00;8,16;Giappone;Tokyo Stock Exchange;JPY
6305;HITACHI CONSTRUCTION MACHINERY LTD;Industriali;Azionario;3.597.239,38;0,05;3.597.239,38;121.400,00;29,63;Giappone;Tokyo Stock Exchange;JPY
2331;ALSOK LTD;Industriali;Azionario;3.569.102,19;0,05;3.569.102,19;440.600,00;8,10;Giappone;Tokyo Stock Exchange;JPY
9513;ELECTRIC POWER DEVELOPMENT LTD;Imprese di servizi di pubblica utilità;Azionario;3.565.731,46;0,05;3.565.731,46;179.900,00;19,82;Giappone;Tokyo Stock Exchange;JPY
9023;TOKYO METRO LTD;Industriali;Azionario;3.556.442,19;0,05;3.556.442,19;353.700,00;10,05;Giappone;Tokyo Stock Exchange;JPY
7276;KOITO MANUFACTURING LTD;Consumi Discrezionali;Azionario;3.554.231,89;0,05;3.554.231,89;238.500,00;14,90;Giappone;Tokyo Stock Exchange;JPY
9364;KAMIGUMI LTD;Industriali;Azionario;3.546.302,36;0,05;3.546.302,36;109.100,00;32,51;Giappone;Tokyo Stock Exchange;JPY
6268;NABTESCO CORP;Industriali;Azionario;3.545.826,61;0,05;3.545.826,61;152.400,00;23,27;Giappone;Tokyo Stock Exchange;JPY
5110;SUMITOMO RUBBER INDUSTRIES LTD;Consumi Discrezionali;Azionario;3.537.047,54;0,05;3.537.047,54;227.343,00;15,56;Giappone;Tokyo Stock Exchange;JPY
6481;THK LTD;Industriali;Azionario;3.526.332,57;0,05;3.526.332,57;134.900,00;26,14;Giappone;Tokyo Stock Exchange;JPY
6302;SUMITOMO HEAVY INDUSTRIES LTD;Industriali;Azionario;3.518.039,80;0,05;3.518.039,80;131.700,00;26,71;Giappone;Tokyo Stock Exchange;JPY
7951;YAMAHA CORP;Consumi Discrezionali;Azionario;3.515.087,92;0,05;3.515.087,92;507.900,00;6,92;Giappone;Tokyo Stock Exchange;JPY
8233;TAKASHIMAYA LTD;Consumi Discrezionali;Azionario;3.510.958,57;0,05;3.510.958,57;333.300,00;10,53;Giappone;Tokyo Stock Exchange;JPY
8056;BIPROGY INC;IT;Azionario;3.504.052,85;0,05;3.504.052,85;98.900,00;35,43;Giappone;Tokyo Stock Exchange;JPY
1969;TAKASAGO THERMAL ENGINEERING LTD;Industriali;Azionario;3.500.459,67;0,05;3.500.459,67;121.400,00;28,83;Giappone;Tokyo Stock Exchange;JPY
5991;NHK SPRING LTD;Consumi Discrezionali;Azionario;3.493.834,58;0,05;3.493.834,58;219.000,00;15,95;Giappone;Tokyo Stock Exchange;JPY
3405;KURARAY LTD;Materiali;Azionario;3.489.593,04;0,05;3.489.593,04;348.500,00;10,01;Giappone;Tokyo Stock Exchange;JPY
5076;INFRONEER HOLDINGS INC;Industriali;Azionario;3.447.674,08;0,05;3.447.674,08;260.072,00;13,26;Giappone;Tokyo Stock Exchange;JPY
5444;YAMATO KOGYO LTD;Materiali;Azionario;3.445.298,79;0,05;3.445.298,79;50.700,00;67,95;Giappone;Tokyo Stock Exchange;JPY
2784;ALFRESA HOLDINGS CORP;Salute;Azionario;3.442.964,09;0,05;3.442.964,09;217.300,00;15,84;Giappone;Tokyo Stock Exchange;JPY
5901;TOYO SEIKAN GROUP HOLDINGS LTD;Materiali;Azionario;3.442.309,30;0,05;3.442.309,30;139.800,00;24,62;Giappone;Tokyo Stock Exchange;JPY
1951;EXEO GROUP INC;Industriali;Azionario;3.439.471,54;0,05;3.439.471,54;217.300,00;15,83;Giappone;Tokyo Stock Exchange;JPY
4182;MITSUBISHI GAS CHEMICAL INC;Materiali;Azionario;3.434.766,47;0,05;3.434.766,47;192.700,00;17,82;Giappone;Tokyo Stock Exchange;JPY
2579;COCA-COLA BOTTLERS JAPAN HOLDINGS;Generi di largo consumo;Azionario;3.424.297,47;0,05;3.424.297,47;170.825,00;20,05;Giappone;Tokyo Stock Exchange;JPY
8341;77 BANK LTD;Finanziari;Azionario;3.420.241,09;0,05;3.420.241,09;71.400,00;47,90;Giappone;Tokyo Stock Exchange;JPY
5711;MITSUBISHI MATERIALS CORP;Materiali;Azionario;3.417.506,19;0,05;3.417.506,19;160.500,00;21,29;Giappone;Tokyo Stock Exchange;JPY
2809;KEWPIE CORP;Generi di largo consumo;Azionario;3.377.672,06;0,05;3.377.672,06;120.500,00;28,03;Giappone;Tokyo Stock Exchange;JPY
1893;PENTA-OCEAN CONSTRUCTION LTD;Industriali;Azionario;3.372.324,41;0,05;3.372.324,41;357.200,00;9,44;Giappone;Tokyo Stock Exchange;JPY
4506;SUMITOMO PHARMA LTD;Salute;Azionario;3.362.567,10;0,05;3.362.567,10;229.500,00;14,65;Giappone;Tokyo Stock Exchange;JPY
1963;JGC HOLDINGS CORP;Industriali;Azionario;3.339.658,94;0,05;3.339.658,94;285.500,00;11,70;Giappone;Tokyo Stock Exchange;JPY
2212;YAMAZAKI BAKING LTD;Generi di largo consumo;Azionario;3.333.967,66;0,05;3.333.967,66;153.200,00;21,76;Giappone;Tokyo Stock Exchange;JPY
9201;JAPAN AIRLINES LTD;Industriali;Azionario;3.330.009,64;0,05;3.330.009,64;174.900,00;19,04;Giappone;Tokyo Stock Exchange;JPY
5947;RINNAI CORP;Consumi Discrezionali;Azionario;3.324.251,50;0,05;3.324.251,50;129.300,00;25,71;Giappone;Tokyo Stock Exchange;JPY
5021;COSMO ENERGY HOLDINGS LTD;Energia;Azionario;3.316.098,88;0,05;3.316.098,88;124.200,00;26,70;Giappone;Tokyo Stock Exchange;JPY
6460;SEGA SAMMY HOLDINGS INC;Consumi Discrezionali;Azionario;3.289.307,27;0,05;3.289.307,27;204.900,00;16,05;Giappone;Tokyo Stock Exchange;JPY
3471;MITSUI FUDOSAN LOGISTICS PARK REIT;Immobili;Azionario;3.275.639,85;0,05;3.275.639,85;4.253,00;770,20;Giappone;Tokyo Stock Exchange;JPY
6976;TAIYO YUDEN LTD;IT;Azionario;3.256.085,38;0,05;3.256.085,38;150.600,00;21,62;Giappone;Tokyo Stock Exchange;JPY
7988;NIFCO INC;Consumi Discrezionali;Azionario;3.240.302,16;0,04;3.240.302,16;102.400,00;31,64;Giappone;Tokyo Stock Exchange;JPY
3769;GMO PAYMENT GATEWAY INC;Finanziari;Azionario;3.237.045,87;0,04;3.237.045,87;51.700,00;62,61;Giappone;Tokyo Stock Exchange;JPY
2002;NISSHIN SEIFUN GROUP INC;Generi di largo consumo;Azionario;3.236.475,62;0,04;3.236.475,62;264.400,00;12,24;Giappone;Tokyo Stock Exchange;JPY
5832;CHUGIN FINANCIAL GROUP INC;Finanziari;Azionario;3.196.437,37;0,04;3.196.437,37;204.900,00;15,60;Giappone;Tokyo Stock Exchange;JPY
7189;NISHI-NIPPON FINANCIAL HOLDINGS IN;Finanziari;Azionario;3.136.841,43;0,04;3.136.841,43;160.500,00;19,54;Giappone;Tokyo Stock Exchange;JPY
USD;USD CASH;Liquidità e/o derivati;Contanti;3.128.673,42;0,04;3.128.673,42;3.128.673,00;100,00;Stati Uniti;--;USD
4626;TAIYO HOLDINGS LTD;Materiali;Azionario;3.126.061,27;0,04;3.126.061,27;97.600,00;32,03;Giappone;Tokyo Stock Exchange;JPY
5393;NICHIAS CORP;Industriali;Azionario;3.112.078,18;0,04;3.112.078,18;73.100,00;42,57;Giappone;Tokyo Stock Exchange;JPY
7729;TOKYO SEIMITSU LTD;IT;Azionario;3.107.168,34;0,04;3.107.168,34;46.900,00;66,25;Giappone;Tokyo Stock Exchange;JPY
7327;DAISHI HOKUETSU FINANCIAL GROUP IN;Finanziari;Azionario;3.103.276,87;0,04;3.103.276,87;298.700,00;10,39;Giappone;Tokyo Stock Exchange;JPY
6473;JTEKT CORP;Consumi Discrezionali;Azionario;3.103.550,10;0,04;3.103.550,10;281.400,00;11,03;Giappone;Tokyo Stock Exchange;JPY
4385;MERCARI INC;Consumi Discrezionali;Azionario;3.080.991,67;0,04;3.080.991,67;162.700,00;18,94;Giappone;Tokyo Stock Exchange;JPY
7282;TOYODA GOSEI LTD;Consumi Discrezionali;Azionario;3.068.441,93;0,04;3.068.441,93;120.800,00;25,40;Giappone;Tokyo Stock Exchange;JPY
9008;KEIO CORP;Industriali;Azionario;3.067.304,64;0,04;3.067.304,64;118.300,00;25,93;Giappone;Tokyo Stock Exchange;JPY
2871;NICHIREI CORP;Generi di largo consumo;Azionario;3.045.540,52;0,04;3.045.540,52;246.600,00;12,35;Giappone;Tokyo Stock Exchange;JPY
5344;MARUWA (OWARIASAHI) LTD;IT;Azionario;3.031.277,12;0,04;3.031.277,12;11.500,00;263,59;Giappone;Tokyo Stock Exchange;JPY
4088;AIR WATER INC;Materiali;Azionario;3.021.343,02;0,04;3.021.343,02;214.200,00;14,11;Giappone;Tokyo Stock Exchange;JPY
3132;MACNICA HOLDINGS INC;IT;Azionario;3.016.098,88;0,04;3.016.098,88;193.300,00;15,60;Giappone;Tokyo Stock Exchange;JPY
9412;SKY PERFECT JSAT HOLDINGS INC;Comunicazione;Azionario;3.001.297,37;0,04;3.001.297,37;226.400,00;13,26;Giappone;Tokyo Stock Exchange;JPY
9987;SUZUKEN LTD;Salute;Azionario;3.001.446,53;0,04;3.001.446,53;75.300,00;39,86;Giappone;Tokyo Stock Exchange;JPY
9533;TOHO GAS LTD;Imprese di servizi di pubblica utilità;Azionario;2.974.454,34;0,04;2.974.454,34;97.300,00;30,57;Giappone;Tokyo Stock Exchange;JPY
4203;SUMITOMO BAKELITE LTD;Materiali;Azionario;2.971.065,61;0,04;2.971.065,61;89.700,00;33,12;Giappone;Tokyo Stock Exchange;JPY
1332;NISSUI CORP;Generi di largo consumo;Azionario;2.962.486,74;0,04;2.962.486,74;384.000,00;7,71;Giappone;Tokyo Stock Exchange;JPY
8012;NAGASE LTD;Industriali;Azionario;2.948.826,38;0,04;2.948.826,38;121.600,00;24,25;Giappone;Tokyo Stock Exchange;JPY
3309;SEKISUI HOUSE REIT INC;Immobili;Azionario;2.948.223,99;0,04;2.948.223,99;5.265,00;559,97;Giappone;Tokyo Stock Exchange;JPY
8418;YAMAGUCHI FINANCIAL GROUP INC;Finanziari;Azionario;2.935.750,10;0,04;2.935.750,10;217.500,00;13,50;Giappone;Tokyo Stock Exchange;JPY
6368;ORGANO CORP;Industriali;Azionario;2.935.819,22;0,04;2.935.819,22;37.600,00;78,08;Giappone;Tokyo Stock Exchange;JPY
8060;CANON MARKETING JAPAN INC;IT;Azionario;2.922.103,57;0,04;2.922.103,57;66.900,00;43,68;Giappone;Tokyo Stock Exchange;JPY
7649;SUGI HOLDINGS LTD;Generi di largo consumo;Azionario;2.898.829,92;0,04;2.898.829,92;123.500,00;23,47;Giappone;Tokyo Stock Exchange;JPY
6526;SOCIONEXT INC;IT;Azionario;2.879.765,98;0,04;2.879.765,98;210.100,00;13,71;Giappone;Tokyo Stock Exchange;JPY
3249;INDUSTRIAL & INFRASTRUCTURE FUND I;Immobili;Azionario;2.875.666,85;0,04;2.875.666,85;2.978,00;965,64;Giappone;Tokyo Stock Exchange;JPY
3291;IIDA GROUP HOLDINGS LTD;Consumi Discrezionali;Azionario;2.873.236,68;0,04;2.873.236,68;181.600,00;15,82;Giappone;Tokyo Stock Exchange;JPY
7337;HIROGIN HOLDINGS INC;Finanziari;Azionario;2.869.261,63;0,04;2.869.261,63;282.200,00;10,17;Giappone;Tokyo Stock Exchange;JPY
9065;SANKYU INC;Industriali;Azionario;2.862.806,26;0,04;2.862.806,26;52.400,00;54,63;Giappone;Tokyo Stock Exchange;JPY
4902;KONICA MINOLTA INC;IT;Azionario;2.837.391,69;0,04;2.837.391,69;642.700,00;4,41;Giappone;Tokyo Stock Exchange;JPY
6770;ALPS ALPINE LTD;IT;Azionario;2.831.591,96;0,04;2.831.591,96;227.148,00;12,47;Giappone;Tokyo Stock Exchange;JPY
6141;DMG MORI LTD;Industriali;Azionario;2.788.527,44;0,04;2.788.527,44;169.100,00;16,49;Giappone;Tokyo Stock Exchange;JPY
8955;JAPAN PRIME REALTY INVESTMENT REIT;Immobili;Azionario;2.762.449,45;0,04;2.762.449,45;4.046,00;682,76;Giappone;Tokyo Stock Exchange;JPY
7164;ZENKOKU HOSHO LTD;Finanziari;Azionario;2.737.222,03;0,04;2.737.222,03;136.200,00;20,10;Giappone;Tokyo Stock Exchange;JPY
4681;RESORT TRUST INC;Consumi Discrezionali;Azionario;2.706.390,11;0,04;2.706.390,11;211.700,00;12,78;Giappone;Tokyo Stock Exchange;JPY
3349;COSMOS PHARMACEUTICAL CORP;Generi di largo consumo;Azionario;2.698.408,82;0,04;2.698.408,82;52.400,00;51,50;Giappone;Tokyo Stock Exchange;JPY
7180;KYUSHU FINANCIAL GROUP INC;Finanziari;Azionario;2.675.869,88;0,04;2.675.869,88;422.900,00;6,33;Giappone;Tokyo Stock Exchange;JPY
4613;KANSAI PAINT LTD;Materiali;Azionario;2.664.389,73;0,04;2.664.389,73;170.900,00;15,59;Giappone;Tokyo Stock Exchange;JPY
6471;NSK LTD;Industriali;Azionario;2.647.631,88;0,04;2.647.631,88;439.000,00;6,03;Giappone;Tokyo Stock Exchange;JPY
9989;SUNDRUG LTD;Generi di largo consumo;Azionario;2.634.129,03;0,04;2.634.129,03;94.800,00;27,79;Giappone;Tokyo Stock Exchange;JPY
9072;NIKKON HOLDINGS LTD;Industriali;Azionario;2.624.173,07;0,04;2.624.173,07;117.800,00;22,28;Giappone;Tokyo Stock Exchange;JPY
3279;ACTIVIA PROPERTIES REIT INC;Immobili;Azionario;2.621.116,72;0,04;2.621.116,72;2.908,00;901,35;Giappone;Tokyo Stock Exchange;JPY
5805;SWCC CORP;Industriali;Azionario;2.619.389,89;0,04;2.619.389,89;40.300,00;65,00;Giappone;Tokyo Stock Exchange;JPY
1959;KRAFTIA CORP;Industriali;Azionario;2.614.866,44;0,04;2.614.866,44;53.900,00;48,51;Giappone;Tokyo Stock Exchange;JPY
5714;DOWA HOLDINGS LTD;Materiali;Azionario;2.602.808,83;0,04;2.602.808,83;58.700,00;44,34;Giappone;Tokyo Stock Exchange;JPY
7984;KOKUYO LTD;Industriali;Azionario;2.590.171,40;0,04;2.590.171,40;434.100,00;5,97;Giappone;Tokyo Stock Exchange;JPY
6674;GS YUASA CORP;Consumi Discrezionali;Azionario;2.578.832,49;0,04;2.578.832,49;108.500,00;23,77;Giappone;Tokyo Stock Exchange;JPY
4401;ADEKA CORP;Materiali;Azionario;2.539.171,30;0,04;2.539.171,30;104.100,00;24,39;Giappone;Tokyo Stock Exchange;JPY
4516;NIPPON SHINYAKU LTD;Salute;Azionario;2.536.145,81;0,04;2.536.145,81;66.100,00;38,37;Giappone;Tokyo Stock Exchange;JPY
8174;NIPPON GAS LTD;Imprese di servizi di pubblica utilità;Azionario;2.529.469,93;0,04;2.529.469,93;130.800,00;19,34;Giappone;Tokyo Stock Exchange;JPY
9045;KEIHAN HOLDINGS LTD;Industriali;Azionario;2.506.422,58;0,03;2.506.422,58;116.900,00;21,44;Giappone;Tokyo Stock Exchange;JPY
4202;DAICEL CORP;Materiali;Azionario;2.483.646,21;0,03;2.483.646,21;282.500,00;8,79;Giappone;Tokyo Stock Exchange;JPY
3226;MITSUI FUDOSAN ACCOMMODATIONS FUND;Immobili;Azionario;2.478.813,21;0,03;2.478.813,21;2.899,00;855,06;Giappone;Tokyo Stock Exchange;JPY
7762;CITIZEN WATCH LTD;IT;Azionario;2.474.762,93;0,03;2.474.762,93;303.100,00;8,16;Giappone;Tokyo Stock Exchange;JPY
4631;DIC CORP;Materiali;Azionario;2.453.824,30;0,03;2.453.824,30;101.700,00;24,13;Giappone;Tokyo Stock Exchange;JPY
9006;KEIKYU CORP;Industriali;Azionario;2.440.454,53;0,03;2.440.454,53;249.000,00;9,80;Giappone;Tokyo Stock Exchange;JPY
6923;STANLEY ELECTRIC LTD;Consumi Discrezionali;Azionario;2.423.117,43;0,03;2.423.117,43;123.900,00;19,56;Giappone;Tokyo Stock Exchange;JPY
6728;ULVAC INC;IT;Azionario;2.409.987,46;0,03;2.409.987,46;57.100,00;42,21;Giappone;Tokyo Stock Exchange;JPY
2264;MORINAGA MILK INDUSTRY LTD;Generi di largo consumo;Azionario;2.376.998,30;0,03;2.376.998,30;98.700,00;24,08;Giappone;Tokyo Stock Exchange;JPY
4205;ZEON JAPAN CORP;Materiali;Azionario;2.370.744,48;0,03;2.370.744,48;209.700,00;11,31;Giappone;Tokyo Stock Exchange;JPY
4733;OBIC BUSINESS CONSULTANTS LTD;IT;Azionario;2.366.625,74;0,03;2.366.625,74;42.400,00;55,82;Giappone;Tokyo Stock Exchange;JPY
6134;FUJI CORP;Industriali;Azionario;2.351.528,50;0,03;2.351.528,50;105.500,00;22,29;Giappone;Tokyo Stock Exchange;JPY
5463;MARUICHI STEEL TUBE LTD;Materiali;Azionario;2.350.481,21;0,03;2.350.481,21;254.600,00;9,23;Giappone;Tokyo Stock Exchange;JPY
2206;EZAKI GLICO LTD;Generi di largo consumo;Azionario;2.337.251,60;0,03;2.337.251,60;67.100,00;34,83;Giappone;Tokyo Stock Exchange;JPY
4194;VISIONAL INC;Industriali;Azionario;2.331.222,48;0,03;2.331.222,48;34.000,00;68,57;Giappone;Tokyo Stock Exchange;JPY
8020;KANEMATSU CORP;Industriali;Azionario;2.326.292,71;0,03;2.326.292,71;104.700,00;22,22;Giappone;Tokyo Stock Exchange;JPY
9044;NANKAI ELECTRIC RAILWAY LTD;Industriali;Azionario;2.309.975,89;0,03;2.309.975,89;123.600,00;18,69;Giappone;Tokyo Stock Exchange;JPY
3774;INTERNET INITIATIVE JAPAN INC;Comunicazione;Azionario;2.295.025,23;0,03;2.295.025,23;125.300,00;18,32;Giappone;Tokyo Stock Exchange;JPY
5741;UACJ CORP;Materiali;Azionario;2.289.540,00;0,03;2.289.540,00;180.500,00;12,68;Giappone;Tokyo Stock Exchange;JPY
9504;CHUGOKU ELECTRIC POWER INC;Imprese di servizi di pubblica utilità;Azionario;2.286.904,88;0,03;2.286.904,88;362.200,00;6,31;Giappone;Tokyo Stock Exchange;JPY
4666;PARK24 LTD;Industriali;Azionario;2.281.286,44;0,03;2.281.286,44;169.700,00;13,44;Giappone;Tokyo Stock Exchange;JPY
1417;MIRAIT ONE CORP;Industriali;Azionario;2.278.019,22;0,03;2.278.019,22;105.300,00;21,63;Giappone;Tokyo Stock Exchange;JPY
6754;ANRITSU CORP;IT;Azionario;2.276.921,15;0,03;2.276.921,15;162.200,00;14,04;Giappone;Tokyo Stock Exchange;JPY
2433;HAKUHODO DY HOLDINGS INC;Comunicazione;Azionario;2.270.966,92;0,03;2.270.966,92;302.300,00;7,51;Giappone;Tokyo Stock Exchange;JPY
9048;NAGOYA RAILROAD LTD;Industriali;Azionario;2.267.021,12;0,03;2.267.021,12;216.400,00;10,48;Giappone;Tokyo Stock Exchange;JPY
2371;KAKAKU.COM INC;Comunicazione;Azionario;2.267.046,84;0,03;2.267.046,84;158.200,00;14,33;Giappone;Tokyo Stock Exchange;JPY
9831;YAMADA HOLDINGS LTD;Consumi Discrezionali;Azionario;2.262.164,90;0,03;2.262.164,90;707.700,00;3,20;Giappone;Tokyo Stock Exchange;JPY
9468;KADOKAWA CORP;Comunicazione;Azionario;2.235.233,53;0,03;2.235.233,53;111.400,00;20,06;Giappone;Tokyo Stock Exchange;JPY
6135;MAKINO MILLING MACHINE LTD;Industriali;Azionario;2.222.289,37;0,03;2.222.289,37;31.800,00;69,88;Giappone;Tokyo Stock Exchange;JPY
8086;NIPRO CORP;Salute;Azionario;2.218.476,97;0,03;2.218.476,97;233.000,00;9,52;Giappone;Tokyo Stock Exchange;JPY
9449;GMO INTERNET GROUP INC;IT;Azionario;2.210.577,00;0,03;2.210.577,00;89.800,00;24,62;Giappone;Tokyo Stock Exchange;JPY
8088;IWATANI CORP;Energia;Azionario;2.210.819,38;0,03;2.210.819,38;211.100,00;10,47;Giappone;Tokyo Stock Exchange;JPY
3401;TEIJIN LTD;Materiali;Azionario;2.202.277,80;0,03;2.202.277,80;263.300,00;8,36;Giappone;Tokyo Stock Exchange;JPY
6544;JAPAN ELEVATOR SERVICE HOLDINGS LT;Industriali;Azionario;2.198.592,69;0,03;2.198.592,69;193.100,00;11,39;Giappone;Tokyo Stock Exchange;JPY
2327;NS SOLUTIONS CORP;IT;Azionario;2.191.018,68;0,03;2.191.018,68;77.000,00;28,45;Giappone;Tokyo Stock Exchange;JPY
9301;MITSUBISHI LOGISTICS CORP;Industriali;Azionario;2.174.858,72;0,03;2.174.858,72;286.200,00;7,60;Giappone;Tokyo Stock Exchange;JPY
7173;TOKYO KIRABOSHI FINANCIAL GROUP IN;Finanziari;Azionario;2.170.805,88;0,03;2.170.805,88;39.400,00;55,10;Giappone;Tokyo Stock Exchange;JPY
4043;TOKUYAMA CORP;Materiali;Azionario;2.168.922,18;0,03;2.168.922,18;83.300,00;26,04;Giappone;Tokyo Stock Exchange;JPY
1662;JAPAN PETROLEUM EXPLORATION LTD;Energia;Azionario;2.168.157,12;0,03;2.168.157,12;221.000,00;9,81;Giappone;Tokyo Stock Exchange;JPY
8129;TOHO HOLDINGS LTD;Salute;Azionario;2.163.762,26;0,03;2.163.762,26;71.200,00;30,39;Giappone;Tokyo Stock Exchange;JPY
8439;TOKYO CENTURY CORP;Finanziari;Azionario;2.161.878,88;0,03;2.161.878,88;166.100,00;13,02;Giappone;Tokyo Stock Exchange;JPY
9706;JAPAN AIRPORT TERMINAL LTD;Industriali;Azionario;2.158.593,98;0,03;2.158.593,98;76.500,00;28,22;Giappone;Tokyo Stock Exchange;JPY
5857;ARE HOLDINGS INC;Materiali;Azionario;2.156.417,76;0,03;2.156.417,76;108.200,00;19,93;Giappone;Tokyo Stock Exchange;JPY
8078;HANWA LTD;Industriali;Azionario;2.148.072,90;0,03;2.148.072,90;47.800,00;44,94;Giappone;Tokyo Stock Exchange;JPY
4887;SAWAI GROUP HOLDINGS LTD;Salute;Azionario;2.123.106,50;0,03;2.123.106,50;139.400,00;15,23;Giappone;Tokyo Stock Exchange;JPY
3466;LASALLE LOGIPORT REIT;Immobili;Azionario;2.097.459,90;0,03;2.097.459,90;2.082,00;1.007,43;Giappone;Tokyo Stock Exchange;JPY
1719;HAZAMA ANDO CORP;Industriali;Azionario;2.095.596,77;0,03;2.095.596,77;175.200,00;11,96;Giappone;Tokyo Stock Exchange;JPY
6849;NIHON KOHDEN CORP;Salute;Azionario;2.091.207,05;0,03;2.091.207,05;198.400,00;10,54;Giappone;Tokyo Stock Exchange;JPY
7380;JUROKU FINANCIAL GROUP INC;Finanziari;Azionario;2.085.441,51;0,03;2.085.441,51;49.000,00;42,56;Giappone;Tokyo Stock Exchange;JPY
BZFUT;CASH COLLATERAL JPY BZFUT;Liquidità e/o derivati;Cash Collateral and Margins;2.083.094,92;0,03;2.083.094,92;324.015.000,00;0,64;Giappone;--;JPY
9069;SENKO GROUP HOLDINGS LTD;Industriali;Azionario;2.077.136,52;0,03;2.077.136,52;168.100,00;12,36;Giappone;Tokyo Stock Exchange;JPY
4272;NIPPON KAYAKU LTD;Materiali;Azionario;2.065.565,27;0,03;2.065.565,27;191.300,00;10,80;Giappone;Tokyo Stock Exchange;JPY
6432;TAKEUCHI MFG LTD;Industriali;Azionario;2.058.311,10;0,03;2.058.311,10;48.000,00;42,88;Giappone;Tokyo Stock Exchange;JPY
9076;SEINO HOLDINGS LTD;Industriali;Azionario;2.045.895,08;0,03;2.045.895,08;134.700,00;15,19;Giappone;Tokyo Stock Exchange;JPY
4967;KOBAYASHI PHARMACEUTICAL LTD;Generi di largo consumo;Azionario;2.024.922,69;0,03;2.024.922,69;59.800,00;33,86;Giappone;Tokyo Stock Exchange;JPY
8304;AOZORA BANK LTD;Finanziari;Azionario;2.019.754,73;0,03;2.019.754,73;126.500,00;15,97;Giappone;Tokyo Stock Exchange;JPY
8967;JAPAN LOGISTICS FUND REIT INC;Immobili;Azionario;2.006.388,50;0,03;2.006.388,50;3.027,00;662,83;Giappone;Tokyo Stock Exchange;JPY
8986;DAIWA SECURITIES LIVING INVESTMENT;Immobili;Azionario;1.999.198,95;0,03;1.999.198,95;2.774,00;720,69;Giappone;Tokyo Stock Exchange;JPY
7240;NOK CORP;Consumi Discrezionali;Azionario;1.993.648,78;0,03;1.993.648,78;113.300,00;17,60;Giappone;Tokyo Stock Exchange;JPY
1860;TODA CORP;Industriali;Azionario;1.981.829,37;0,03;1.981.829,37;248.700,00;7,97;Giappone;Tokyo Stock Exchange;JPY
2670;ABC MART INC;Consumi Discrezionali;Azionario;1.972.358,48;0,03;1.972.358,48;113.500,00;17,38;Giappone;Tokyo Stock Exchange;JPY
7211;MITSUBISHI MOTORS CORP;Consumi Discrezionali;Azionario;1.970.163,88;0,03;1.970.163,88;826.900,00;2,38;Giappone;Tokyo Stock Exchange;JPY
6005;MIURA LTD;Industriali;Azionario;1.966.867,47;0,03;1.966.867,47;103.200,00;19,06;Giappone;Tokyo Stock Exchange;JPY
3107;DAIWABO HOLDINGS LTD;IT;Azionario;1.938.739,91;0,03;1.938.739,91;99.100,00;19,56;Giappone;Tokyo Stock Exchange;JPY
2229;CALBEE INC;Generi di largo consumo;Azionario;1.932.235,69;0,03;1.932.235,69;101.400,00;19,06;Giappone;Tokyo Stock Exchange;JPY
1861;KUMAGAI LTD;Industriali;Azionario;1.928.209,84;0,03;1.928.209,84;198.100,00;9,73;Giappone;Tokyo Stock Exchange;JPY
4812;DENTSU SOKEN INC;IT;Azionario;1.923.237,65;0,03;1.923.237,65;38.600,00;49,82;Giappone;Tokyo Stock Exchange;JPY
8976;DAIWA OFFICE INVESTMENT REIT CORP;Immobili;Azionario;1.918.907,71;0,03;1.918.907,71;797,00;2.407,66;Giappone;Tokyo Stock Exchange;JPY
4114;NIPPON SHOKUBAI LTD;Materiali;Azionario;1.915.115,88;0,03;1.915.115,88;156.700,00;12,22;Giappone;Tokyo Stock Exchange;JPY
5471;DAIDO STEEL LTD;Materiali;Azionario;1.911.223,44;0,03;1.911.223,44;187.500,00;10,19;Giappone;Tokyo Stock Exchange;JPY
8050;SEIKO GROUP CORP;Consumi Discrezionali;Azionario;1.903.050,56;0,03;1.903.050,56;41.400,00;45,97;Giappone;Tokyo Stock Exchange;JPY
6787;MEIKO ELECTRONICS LTD;IT;Azionario;1.900.710,41;0,03;1.900.710,41;27.400,00;69,37;Giappone;Tokyo Stock Exchange;JPY
1980;DAI DAN LTD;Industriali;Azionario;1.897.187,31;0,03;1.897.187,31;41.100,00;46,16;Giappone;Tokyo Stock Exchange;JPY
4208;UBE CORP;Materiali;Azionario;1.897.508,12;0,03;1.897.508,12;117.800,00;16,11;Giappone;Tokyo Stock Exchange;JPY
3295;HULIC REIT INC;Immobili;Azionario;1.894.026,81;0,03;1.894.026,81;1.672,00;1.132,79;Giappone;Tokyo Stock Exchange;JPY
8366;SHIGA BANK LTD;Finanziari;Azionario;1.894.409,98;0,03;1.894.409,98;40.200,00;47,12;Giappone;Tokyo Stock Exchange;JPY
9003;SOTETSU HOLDINGS INC;Industriali;Azionario;1.892.374,55;0,03;1.892.374,55;104.900,00;18,04;Giappone;Tokyo Stock Exchange;JPY
8358;SURUGA BANK LTD;Finanziari;Azionario;1.882.074,00;0,03;1.882.074,00;171.800,00;10,96;Giappone;Tokyo Stock Exchange;JPY
9934;INABA DENKISANGYO LTD;Industriali;Azionario;1.856.420,97;0,03;1.856.420,97;116.200,00;15,98;Giappone;Tokyo Stock Exchange;JPY
6890;FERROTEC CORP;IT;Azionario;1.843.042,21;0,03;1.843.042,21;59.600,00;30,92;Giappone;Tokyo Stock Exchange;JPY
6592;MABUCHI MOTOR LTD;Industriali;Azionario;1.835.253,46;0,03;1.835.253,46;103.000,00;17,82;Giappone;Tokyo Stock Exchange;JPY
6952;CASIO COMPUTER LTD;Consumi Discrezionali;Azionario;1.829.946,00;0,03;1.829.946,00;225.100,00;8,13;Giappone;Tokyo Stock Exchange;JPY
7867;TOMY LTD;Consumi Discrezionali;Azionario;1.829.323,99;0,03;1.829.323,99;104.400,00;17,52;Giappone;Tokyo Stock Exchange;JPY
8524;NORTH PACIFIC BANK LTD;Finanziari;Azionario;1.828.443,86;0,03;1.828.443,86;343.900,00;5,32;Giappone;Tokyo Stock Exchange;JPY
3110;NITTO BOSEKI LTD;Industriali;Azionario;1.828.486,93;0,03;1.828.486,93;27.400,00;66,73;Giappone;Tokyo Stock Exchange;JPY
7419;NOJIMA CORP;Consumi Discrezionali;Azionario;1.816.181,81;0,03;1.816.181,81;236.400,00;7,68;Giappone;Tokyo Stock Exchange;JPY
8964;FRONTIER REAL ESTATE INVESTMENT TR;Immobili;Azionario;1.815.940,72;0,03;1.815.940,72;2.989,00;607,54;Giappone;Tokyo Stock Exchange;JPY
3941;RENGO LTD;Materiali;Azionario;1.809.664,41;0,03;1.809.664,41;241.100,00;7,51;Giappone;Tokyo Stock Exchange;JPY
9507;SHIKOKU ELECTRIC POWER INC;Imprese di servizi di pubblica utilità;Azionario;1.795.279,50;0,02;1.795.279,50;187.100,00;9,60;Giappone;Tokyo Stock Exchange;JPY
4061;DENKA CO LTD;Materiali;Azionario;1.793.311,26;0,02;1.793.311,26;105.900,00;16,93;Giappone;Tokyo Stock Exchange;JPY
7906;YONEX LTD;Consumi Discrezionali;Azionario;1.782.468,10;0,02;1.782.468,10;87.600,00;20,35;Giappone;Tokyo Stock Exchange;JPY
8572;ACOM LTD;Finanziari;Azionario;1.778.386,96;0,02;1.778.386,96;572.000,00;3,11;Giappone;Tokyo Stock Exchange;JPY
6436;AMANO CORP;IT;Azionario;1.774.094,31;0,02;1.774.094,31;65.500,00;27,09;Giappone;Tokyo Stock Exchange;JPY
6590;SHIBAURA MECHATRONICS CORP;IT;Azionario;1.768.375,71;0,02;1.768.375,71;16.600,00;106,53;Giappone;Tokyo Stock Exchange;JPY
8282;KS HOLDINGS CORP;Consumi Discrezionali;Azionario;1.766.470,80;0,02;1.766.470,80;172.700,00;10,23;Giappone;Tokyo Stock Exchange;JPY
9744;MEITEC GROUP HOLDINGS INC;Industriali;Azionario;1.766.351,86;0,02;1.766.351,86;77.700,00;22,73;Giappone;Tokyo Stock Exchange;JPY
8961;MORI TRUST REIT INC;Immobili;Azionario;1.735.380,76;0,02;1.735.380,76;3.474,00;499,53;Giappone;Tokyo Stock Exchange;JPY
2531;TAKARA HOLDINGS INC;Generi di largo consumo;Azionario;1.724.143,50;0,02;1.724.143,50;167.300,00;10,31;Giappone;Tokyo Stock Exchange;JPY
9627;AIN HOLDINGS INC;Generi di largo consumo;Azionario;1.719.656,69;0,02;1.719.656,69;41.000,00;41,94;Giappone;Tokyo Stock Exchange;JPY
6324;HARMONIC DRIVE SYSTEMS INC;Industriali;Azionario;1.708.733,81;0,02;1.708.733,81;75.400,00;22,66;Giappone;Tokyo Stock Exchange;JPY
4680;ROUND ONE CORP;Consumi Discrezionali;Azionario;1.706.022,05;0,02;1.706.022,05;244.800,00;6,97;Giappone;Tokyo Stock Exchange;JPY
5301;TOKAI CARBON LTD;Materiali;Azionario;1.688.695,49;0,02;1.688.695,49;274.700,00;6,15;Giappone;Tokyo Stock Exchange;JPY
8425;MIZUHO LEASING LIMITED LTD;Finanziari;Azionario;1.682.201,94;0,02;1.682.201,94;187.300,00;8,98;Giappone;Tokyo Stock Exchange;JPY
2127;NIHON M&A CENTER HOLDINGS INC;Finanziari;Azionario;1.680.643,42;0,02;1.680.643,42;364.800,00;4,61;Giappone;Tokyo Stock Exchange;JPY
8511;JAPAN SECURITIES FINANCE LTD;Finanziari;Azionario;1.679.346,81;0,02;1.679.346,81;131.000,00;12,82;Giappone;Tokyo Stock Exchange;JPY
2811;KAGOME LTD;Generi di largo consumo;Azionario;1.679.792,99;0,02;1.679.792,99;96.700,00;17,37;Giappone;Tokyo Stock Exchange;JPY
3116;TOYOTA BOSHOKU CORP;Consumi Discrezionali;Azionario;1.671.935,45;0,02;1.671.935,45;104.800,00;15,95;Giappone;Tokyo Stock Exchange;JPY
6951;JEOL LTD;IT;Azionario;1.670.828,38;0,02;1.670.828,38;54.200,00;30,83;Giappone;Tokyo Stock Exchange;JPY
4540;TSUMURA;Salute;Azionario;1.662.769,62;0,02;1.662.769,62;63.500,00;26,19;Giappone;Tokyo Stock Exchange;JPY
3360;SHIP HEALTHCARE HOLDINGS INC;Salute;Azionario;1.651.744,51;0,02;1.651.744,51;97.800,00;16,89;Giappone;Tokyo Stock Exchange;JPY
7242;KYB CORP;Consumi Discrezionali;Azionario;1.637.429,68;0,02;1.637.429,68;56.100,00;29,19;Giappone;Tokyo Stock Exchange;JPY
9759;NSD LTD;IT;Azionario;1.631.437,85;0,02;1.631.437,85;72.400,00;22,53;Giappone;Tokyo Stock Exchange;JPY
3234;MORI HILLS INVESTMENT REIT CORP;Immobili;Azionario;1.629.289,27;0,02;1.629.289,27;1.702,00;957,28;Giappone;Tokyo Stock Exchange;JPY
7956;PIGEON CORP;Generi di largo consumo;Azionario;1.622.369,09;0,02;1.622.369,09;156.400,00;10,37;Giappone;Tokyo Stock Exchange;JPY
1414;SHO-BOND HOLDINGS LTD;Industriali;Azionario;1.620.441,67;0,02;1.620.441,67;49.200,00;32,94;Giappone;Tokyo Stock Exchange;JPY
6323;RORZE CORP;IT;Azionario;1.616.531,55;0,02;1.616.531,55;126.100,00;12,82;Giappone;Tokyo Stock Exchange;JPY
6871;MICRONICS JAPAN LTD;IT;Azionario;1.615.082,45;0,02;1.615.082,45;41.800,00;38,64;Giappone;Tokyo Stock Exchange;JPY
1833;OKUMURA CORP;Industriali;Azionario;1.609.174,19;0,02;1.609.174,19;41.100,00;39,15;Giappone;Tokyo Stock Exchange;JPY
3292;AEON REIT INVESTMENT REIT CORP;Immobili;Azionario;1.604.990,84;0,02;1.604.990,84;1.837,00;873,70;Giappone;Tokyo Stock Exchange;JPY
2432;DENA LTD;Comunicazione;Azionario;1.598.098,62;0,02;1.598.098,62;97.500,00;16,39;Giappone;Tokyo Stock Exchange;JPY
6925;USHIO INC;Industriali;Azionario;1.596.259,60;0,02;1.596.259,60;101.800,00;15,68;Giappone;Tokyo Stock Exchange;JPY
9682;DTS CORP;IT;Azionario;1.590.017,04;0,02;1.590.017,04;201.400,00;7,89;Giappone;Tokyo Stock Exchange;JPY
4118;KANEKA CORP;Materiali;Azionario;1.583.485,17;0,02;1.583.485,17;57.200,00;27,68;Giappone;Tokyo Stock Exchange;JPY
2201;MORINAGA LTD;Generi di largo consumo;Azionario;1.581.142,43;0,02;1.581.142,43;93.300,00;16,95;Giappone;Tokyo Stock Exchange;JPY
3350;METAPLANET KK INC;Consumi Discrezionali;Azionario;1.577.852,07;0,02;1.577.852,07;604.500,00;2,61;Giappone;Tokyo Stock Exchange;JPY
1820;NISHIMATSU CONSTRUCTION LTD;Industriali;Azionario;1.577.501,04;0,02;1.577.501,04;42.800,00;36,86;Giappone;Tokyo Stock Exchange;JPY
7278;EXEDY CORP;Consumi Discrezionali;Azionario;1.574.258,25;0,02;1.574.258,25;44.200,00;35,62;Giappone;Tokyo Stock Exchange;JPY
8368;HYAKUGO BANK LTD;Finanziari;Azionario;1.569.275,77;0,02;1.569.275,77;221.500,00;7,08;Giappone;Tokyo Stock Exchange;JPY
3282;COMFORIA RESIDENTIAL REIT INC;Immobili;Azionario;1.567.842,10;0,02;1.567.842,10;739,00;2.121,57;Giappone;Tokyo Stock Exchange;JPY
3697;SHIFT INC;IT;Azionario;1.567.032,05;0,02;1.567.032,05;253.900,00;6,17;Giappone;Tokyo Stock Exchange;JPY
8242;H2O RETAILING CORP;Generi di largo consumo;Azionario;1.562.893,37;0,02;1.562.893,37;115.900,00;13,48;Giappone;Tokyo Stock Exchange;JPY
4530;HISAMITSU PHARMACEUTICAL INC;Salute;Azionario;1.560.154,30;0,02;1.560.154,30;55.800,00;27,96;Giappone;Tokyo Stock Exchange;JPY
6103;OKUMA CORP;Industriali;Azionario;1.559.162,94;0,02;1.559.162,94;70.500,00;22,12;Giappone;Tokyo Stock Exchange;JPY
7581;SAIZERIYA LTD;Consumi Discrezionali;Azionario;1.559.195,09;0,02;1.559.195,09;44.500,00;35,04;Giappone;Tokyo Stock Exchange;JPY
6136;OSG CORP;Industriali;Azionario;1.553.217,72;0,02;1.553.217,72;106.500,00;14,58;Giappone;Tokyo Stock Exchange;JPY
2810;HOUSE FOODS GROUP;Generi di largo consumo;Azionario;1.553.592,21;0,02;1.553.592,21;82.900,00;18,74;Giappone;Tokyo Stock Exchange;JPY
6454;MAX LTD;Industriali;Azionario;1.552.013,89;0,02;1.552.013,89;36.800,00;42,17;Giappone;Tokyo Stock Exchange;JPY
9509;HOKKAIDO ELECTRIC POWER INC;Imprese di servizi di pubblica utilità;Azionario;1.547.383,07;0,02;1.547.383,07;232.100,00;6,67;Giappone;Tokyo Stock Exchange;JPY
8424;FUYO GENERAL LEASE LTD;Finanziari;Azionario;1.537.953,65;0,02;1.537.953,65;56.500,00;27,22;Giappone;Tokyo Stock Exchange;JPY
9303;SUMITOMO WAREHOUSE LTD;Industriali;Azionario;1.532.218,97;0,02;1.532.218,97;67.900,00;22,57;Giappone;Tokyo Stock Exchange;JPY
9861;YOSHINOYA HOLDINGS LTD;Consumi Discrezionali;Azionario;1.532.570,00;0,02;1.532.570,00;77.700,00;19,72;Giappone;Tokyo Stock Exchange;JPY
3397;TORIDOLL HOLDINGS CORP;Consumi Discrezionali;Azionario;1.531.147,90;0,02;1.531.147,90;56.800,00;26,96;Giappone;Tokyo Stock Exchange;JPY
8410;SEVEN BANK LTD;Finanziari;Azionario;1.528.145,55;0,02;1.528.145,55;795.500,00;1,92;Giappone;Tokyo Stock Exchange;JPY
9302;MITSUI-SOKO HOLDINGS LTD;Industriali;Azionario;1.524.639,17;0,02;1.524.639,17;62.000,00;24,59;Giappone;Tokyo Stock Exchange;JPY
6457;GLORY LTD;Industriali;Azionario;1.523.445,95;0,02;1.523.445,95;59.900,00;25,43;Giappone;Tokyo Stock Exchange;JPY
8381;SAN IN GODO BANK LTD;Finanziari;Azionario;1.517.631,55;0,02;1.517.631,55;162.800,00;9,32;Giappone;Tokyo Stock Exchange;JPY
3994;MONEY FORWARD INC;IT;Azionario;1.516.217,17;0,02;1.516.217,17;55.000,00;27,57;Giappone;Tokyo Stock Exchange;JPY
3549;KUSURI NO AOKI HOLDINGS LTD;Generi di largo consumo;Azionario;1.513.923,30;0,02;1.513.923,30;63.200,00;23,95;Giappone;Tokyo Stock Exchange;JPY
4544;HU GROUP HOLDINGS INC;Salute;Azionario;1.512.504,42;0,02;1.512.504,42;72.500,00;20,86;Giappone;Tokyo Stock Exchange;JPY
3387;CREATE RESTAURANTS HOLDINGS INC;Consumi Discrezionali;Azionario;1.501.958,92;0,02;1.501.958,92;303.800,00;4,94;Giappone;Tokyo Stock Exchange;JPY
3468;STAR ASIA INVESTMENT REIT CORP;Immobili;Azionario;1.500.638,40;0,02;1.500.638,40;3.814,00;393,46;Giappone;Tokyo Stock Exchange;JPY
8850;STARTS CORP INC;Immobili;Azionario;1.496.672,99;0,02;1.496.672,99;48.000,00;31,18;Giappone;Tokyo Stock Exchange;JPY
3923;RAKUS LTD;IT;Azionario;1.494.237,04;0,02;1.494.237,04;220.200,00;6,79;Giappone;Tokyo Stock Exchange;JPY
1979;TAIKISHA LTD;Industriali;Azionario;1.491.324,05;0,02;1.491.324,05;70.400,00;21,18;Giappone;Tokyo Stock Exchange;JPY
7966;LINTEC CORP;Materiali;Azionario;1.489.633,23;0,02;1.489.633,23;54.200,00;27,48;Giappone;Tokyo Stock Exchange;JPY
4922;KOSE CORP;Generi di largo consumo;Azionario;1.476.516,76;0,02;1.476.516,76;42.800,00;34,50;Giappone;Tokyo Stock Exchange;JPY
8956;NTT UD REIT INVESTMENT REIT CORP;Immobili;Azionario;1.472.048,60;0,02;1.472.048,60;1.658,00;887,85;Giappone;Tokyo Stock Exchange;JPY
2222;KOTOBUKI SPIRITS LTD;Generi di largo consumo;Azionario;1.463.468,45;0,02;1.463.468,45;124.800,00;11,73;Giappone;Tokyo Stock Exchange;JPY
6703;OKI ELECTRIC INDUSTRY LTD;IT;Azionario;1.460.692,40;0,02;1.460.692,40;124.700,00;11,71;Giappone;Tokyo Stock Exchange;JPY
4665;DUSKIN LTD;Industriali;Azionario;1.459.305,02;0,02;1.459.305,02;51.800,00;28,17;Giappone;Tokyo Stock Exchange;JPY
8367;NANTO BANK LTD;Finanziari;Azionario;1.454.138,67;0,02;1.454.138,67;39.200,00;37,10;Giappone;Tokyo Stock Exchange;JPY
1961;SANKI ENGINEERING LTD;Industriali;Azionario;1.452.467,13;0,02;1.452.467,13;40.200,00;36,13;Giappone;Tokyo Stock Exchange;JPY
6814;FURUNO ELECTRIC LTD;IT;Azionario;1.449.882,67;0,02;1.449.882,67;30.600,00;47,38;Giappone;Tokyo Stock Exchange;JPY
1885;TOA (TOKYO) CORP;Industriali;Azionario;1.442.875,05;0,02;1.442.875,05;84.500,00;17,08;Giappone;Tokyo Stock Exchange;JPY
9401;TBS HOLDINGS INC;Comunicazione;Azionario;1.442.044,42;0,02;1.442.044,42;38.800,00;37,17;Giappone;Tokyo Stock Exchange;JPY
9404;NIPPON TELEVISION HOLDINGS INC;Comunicazione;Azionario;1.438.079,01;0,02;1.438.079,01;57.800,00;24,88;Giappone;Tokyo Stock Exchange;JPY
6753;SHARP CORP;Consumi Discrezionali;Azionario;1.425.117,55;0,02;1.425.117,55;287.100,00;4,96;Giappone;Tokyo Stock Exchange;JPY
9616;KYORITSU MAINTENANCE LTD;Consumi Discrezionali;Azionario;1.422.996,56;0,02;1.422.996,56;77.500,00;18,36;Giappone;Tokyo Stock Exchange;JPY
8370;THE KIYO BANK LTD;Finanziari;Azionario;1.421.241,44;0,02;1.421.241,44;69.300,00;20,51;Giappone;Tokyo Stock Exchange;JPY
8957;TOKYU REIT INC;Immobili;Azionario;1.394.143,17;0,02;1.394.143,17;1.063,00;1.311,52;Giappone;Tokyo Stock Exchange;JPY
8361;OGAKI KYORITSU BANK LTD;Finanziari;Azionario;1.389.700,73;0,02;1.389.700,73;47.300,00;29,38;Giappone;Tokyo Stock Exchange;JPY
2607;FUJI OIL LTD;Generi di largo consumo;Azionario;1.386.711,88;0,02;1.386.711,88;59.700,00;23,23;Giappone;Tokyo Stock Exchange;JPY
8111;GOLDWIN INC;Consumi Discrezionali;Azionario;1.384.569,10;0,02;1.384.569,10;78.200,00;17,71;Giappone;Tokyo Stock Exchange;JPY
8714;SENSHU IKEDA HOLDINGS INC;Finanziari;Azionario;1.375.502,27;0,02;1.375.502,27;277.500,00;4,96;Giappone;Tokyo Stock Exchange;JPY
6632;JVCKENWOOD CORP;Consumi Discrezionali;Azionario;1.370.147,22;0,02;1.370.147,22;182.700,00;7,50;Giappone;Tokyo Stock Exchange;JPY
4816;TOEI ANIMATION LTD;Comunicazione;Azionario;1.362.210,29;0,02;1.362.210,29;77.500,00;17,58;Giappone;Tokyo Stock Exchange;JPY
6507;SINFONIA TECHNOLOGY LTD;Industriali;Azionario;1.357.594,27;0,02;1.357.594,27;23.700,00;57,28;Giappone;Tokyo Stock Exchange;JPY
4023;KUREHA CORP;Materiali;Azionario;1.355.170,53;0,02;1.355.170,53;53.500,00;25,33;Giappone;Tokyo Stock Exchange;JPY
6508;MEIDENSHA CORP;Industriali;Azionario;1.352.470,35;0,02;1.352.470,35;38.600,00;35,04;Giappone;Tokyo Stock Exchange;JPY
2726;PAL GROUP HOLDINGS LTD;Consumi Discrezionali;Azionario;1.342.407,66;0,02;1.342.407,66;98.400,00;13,64;Giappone;Tokyo Stock Exchange;JPY
2602;NISSHIN OILLIO GROUP LTD;Generi di largo consumo;Azionario;1.331.325,34;0,02;1.331.325,34;39.900,00;33,37;Giappone;Tokyo Stock Exchange;JPY
8876;RELO GROUP INC;Immobili;Azionario;1.329.695,59;0,02;1.329.695,59;119.900,00;11,09;Giappone;Tokyo Stock Exchange;JPY
3296;NIPPON REIT INVESTMENT REIT CORP;Immobili;Azionario;1.323.953,84;0,02;1.323.953,84;2.043,00;648,04;Giappone;Tokyo Stock Exchange;JPY
3481;MITSUBISHI ESTATE LOGISTICS REIT C;Immobili;Azionario;1.324.437,94;0,02;1.324.437,94;1.569,00;844,13;Giappone;Tokyo Stock Exchange;JPY
4046;OSAKA SODA LTD;Materiali;Azionario;1.318.972,00;0,02;1.318.972,00;94.500,00;13,96;Giappone;Tokyo Stock Exchange;JPY
4686;JUSTSYSTEMS CORP;IT;Azionario;1.317.361,54;0,02;1.317.361,54;40.900,00;32,21;Giappone;Tokyo Stock Exchange;JPY
4547;KISSEI PHARMACEUTICAL LTD;Salute;Azionario;1.316.789,35;0,02;1.316.789,35;44.000,00;29,93;Giappone;Tokyo Stock Exchange;JPY
4373;SIMPLEX HOLDINGS INC;IT;Azionario;1.316.789,35;0,02;1.316.789,35;192.500,00;6,84;Giappone;Tokyo Stock Exchange;JPY
7014;NAMURA SHIPBUILDING LTD;Industriali;Azionario;1.317.310,10;0,02;1.317.310,10;57.800,00;22,79;Giappone;Tokyo Stock Exchange;JPY
3105;NISSHINBO HOLDINGS INC;Industriali;Azionario;1.304.455,30;0,02;1.304.455,30;157.900,00;8,26;Giappone;Tokyo Stock Exchange;JPY
2296;ITOHAM YONEKYU HOLDINGS INC;Generi di largo consumo;Azionario;1.303.748,75;0,02;1.303.748,75;35.640,00;36,58;Giappone;Tokyo Stock Exchange;JPY
4206;AICA KOGYO LTD;Materiali;Azionario;1.295.021,38;0,02;1.295.021,38;57.900,00;22,37;Giappone;Tokyo Stock Exchange;JPY
3635;KOEI TECMO HOLDINGS LTD;Comunicazione;Azionario;1.291.292,42;0,02;1.291.292,42;103.320,00;12,50;Giappone;Tokyo Stock Exchange;JPY
8336;MUSASHINO BANK LTD;Finanziari;Azionario;1.286.926,61;0,02;1.286.926,61;42.500,00;30,28;Giappone;Tokyo Stock Exchange;JPY
9605;TOEI LTD;Comunicazione;Azionario;1.285.885,11;0,02;1.285.885,11;36.300,00;35,42;Giappone;Tokyo Stock Exchange;JPY
8570;AEON FINANCIAL SERVICES LTD;Finanziari;Azionario;1.285.370,15;0,02;1.285.370,15;126.300,00;10,18;Giappone;Tokyo Stock Exchange;JPY
3591;WACOAL HOLDINGS CORP;Consumi Discrezionali;Azionario;1.279.684,34;0,02;1.279.684,34;44.500,00;28,76;Giappone;Tokyo Stock Exchange;JPY
8130;SANGETSU CORP;Consumi Discrezionali;Azionario;1.273.676,43;0,02;1.273.676,43;63.600,00;20,03;Giappone;Tokyo Stock Exchange;JPY
7389;AICHI FINANCIAL GROUP INC;Finanziari;Azionario;1.271.657,72;0,02;1.271.657,72;43.000,00;29,57;Giappone;Tokyo Stock Exchange;JPY
4045;TOAGOSEI LTD;Materiali;Azionario;1.270.629,08;0,02;1.270.629,08;122.000,00;10,41;Giappone;Tokyo Stock Exchange;JPY
4617;CHUGOKU MARINE PAINTS LTD;Materiali;Azionario;1.260.908,42;0,02;1.260.908,42;45.400,00;27,77;Giappone;Tokyo Stock Exchange;JPY
2593;ITO EN LTD;Generi di largo consumo;Azionario;1.252.823,30;0,02;1.252.823,30;63.600,00;19,70;Giappone;Tokyo Stock Exchange;JPY
4676;FUJI MEDIA HOLDINGS INC;Comunicazione;Azionario;1.249.143,33;0,02;1.249.143,33;53.000,00;23,57;Giappone;Tokyo Stock Exchange;JPY
5451;YODOKO LTD;Materiali;Azionario;1.249.522,65;0,02;1.249.522,65;147.800,00;8,45;Giappone;Tokyo Stock Exchange;JPY
3569;SEIREN LTD;Consumi Discrezionali;Azionario;1.246.713,17;0,02;1.246.713,17;60.600,00;20,57;Giappone;Tokyo Stock Exchange;JPY
3543;KOMEDA HOLDINGS LTD;Consumi Discrezionali;Azionario;1.246.918,90;0,02;1.246.918,90;63.800,00;19,54;Giappone;Tokyo Stock Exchange;JPY
4095;NIHON PARKERIZING LTD;Materiali;Azionario;1.239.198,95;0,02;1.239.198,95;136.800,00;9,06;Giappone;Tokyo Stock Exchange;JPY
9336;DAIEI KANKYO LTD;Industriali;Azionario;1.238.342,60;0,02;1.238.342,60;49.200,00;25,17;Giappone;Tokyo Stock Exchange;JPY
8987;JAPAN EXCELLENT REIT INC;Immobili;Azionario;1.232.579,64;0,02;1.232.579,64;1.268,00;972,07;Giappone;Tokyo Stock Exchange;JPY
6013;TAKUMA LTD;Industriali;Azionario;1.232.935,81;0,02;1.232.935,81;77.800,00;15,85;Giappone;Tokyo Stock Exchange;JPY
7740;TAMRON LTD;Consumi Discrezionali;Azionario;1.230.607,86;0,02;1.230.607,86;185.300,00;6,64;Giappone;Tokyo Stock Exchange;JPY
8600;TOMONY HOLDINGS INC;Finanziari;Azionario;1.221.069,79;0,02;1.221.069,79;250.900,00;4,87;Giappone;Tokyo Stock Exchange;JPY
9678;KANAMOTO LTD;Industriali;Azionario;1.220.042,43;0,02;1.220.042,43;49.100,00;24,85;Giappone;Tokyo Stock Exchange;JPY
8283;PALTAC CORP;Consumi Discrezionali;Azionario;1.217.801,92;0,02;1.217.801,92;39.000,00;31,23;Giappone;Tokyo Stock Exchange;JPY
6995;TOKAI RIKA LTD;Consumi Discrezionali;Azionario;1.215.792,86;0,02;1.215.792,86;61.300,00;19,83;Giappone;Tokyo Stock Exchange;JPY
6622;DAIHEN CORP;Industriali;Azionario;1.212.367,55;0,02;1.212.367,55;20.299,00;59,73;Giappone;Tokyo Stock Exchange;JPY
6371;TSUBAKIMOTO CHAIN;Industriali;Azionario;1.208.663,73;0,02;1.208.663,73;84.800,00;14,25;Giappone;Tokyo Stock Exchange;JPY
8544;KEIYO BANK LTD;Finanziari;Azionario;1.198.269,31;0,02;1.198.269,31;116.200,00;10,31;Giappone;Tokyo Stock Exchange;JPY
1934;YURTEC CORP;Industriali;Azionario;1.194.077,60;0,02;1.194.077,60;69.200,00;17,26;Giappone;Tokyo Stock Exchange;JPY
3287;HOSHINO RESORTS REIT INC;Immobili;Azionario;1.194.138,03;0,02;1.194.138,03;733,00;1.629,11;Giappone;Tokyo Stock Exchange;JPY
7616;COLOWIDE LTD;Consumi Discrezionali;Azionario;1.189.909,03;0,02;1.189.909,03;106.800,00;11,14;Giappone;Tokyo Stock Exchange;JPY
7313;TS TECH LTD;Consumi Discrezionali;Azionario;1.188.944,68;0,02;1.188.944,68;102.400,00;11,61;Giappone;Tokyo Stock Exchange;JPY
7296;FCC LTD;Consumi Discrezionali;Azionario;1.183.827,83;0,02;1.183.827,83;49.700,00;23,82;Giappone;Tokyo Stock Exchange;JPY
3050;DCM HOLDINGS LTD;Consumi Discrezionali;Azionario;1.183.025,49;0,02;1.183.025,49;113.100,00;10,46;Giappone;Tokyo Stock Exchange;JPY
3048;BIC CAMERA INC;Consumi Discrezionali;Azionario;1.182.384,84;0,02;1.182.384,84;111.700,00;10,59;Giappone;Tokyo Stock Exchange;JPY
417A;BLUE ZONES HOLDINGS LTD;Generi di largo consumo;Azionario;1.172.158,54;0,02;1.172.158,54;21.700,00;54,02;Giappone;Tokyo Stock Exchange;JPY
4587;PEPTIDREAM INC;Salute;Azionario;1.167.667,23;0,02;1.167.667,23;106.400,00;10,97;Giappone;Tokyo Stock Exchange;JPY
3097;MONOGATARI CORP;Consumi Discrezionali;Azionario;1.167.250,63;0,02;1.167.250,63;40.800,00;28,61;Giappone;Tokyo Stock Exchange;JPY
1377;SAKATA SEED CORP;Generi di largo consumo;Azionario;1.161.008,07;0,02;1.161.008,07;43.100,00;26,94;Giappone;Tokyo Stock Exchange;JPY
2270;MEGMILK SNOW BRAND LTD;Generi di largo consumo;Azionario;1.160.130,51;0,02;1.160.130,51;55.100,00;21,06;Giappone;Tokyo Stock Exchange;JPY
9418;U-NEXT HOLDINGS LTD;Comunicazione;Azionario;1.159.373,17;0,02;1.159.373,17;93.100,00;12,45;Giappone;Tokyo Stock Exchange;JPY
8977;HANKYU HANSHIN REIT INC;Immobili;Azionario;1.148.698,45;0,02;1.148.698,45;1.077,00;1.066,57;Giappone;Tokyo Stock Exchange;JPY
1941;CHUDENKO CORP;Industriali;Azionario;1.149.059,76;0,02;1.149.059,76;40.300,00;28,51;Giappone;Tokyo Stock Exchange;JPY
9793;DAISEKI LTD;Industriali;Azionario;1.148.322,35;0,02;1.148.322,35;52.380,00;21,92;Giappone;Tokyo Stock Exchange;JPY
8919;KATITAS LTD;Immobili;Azionario;1.148.452,22;0,02;1.148.452,22;56.800,00;20,22;Giappone;Tokyo Stock Exchange;JPY
7846;PILOT CORP;Industriali;Azionario;1.146.733,10;0,02;1.146.733,10;37.300,00;30,74;Giappone;Tokyo Stock Exchange;JPY
2782;SERIA LTD;Consumi Discrezionali;Azionario;1.137.969,72;0,02;1.137.969,72;49.100,00;23,18;Giappone;Tokyo Stock Exchange;JPY
8386;HYAKUJUSHI BANK LTD;Finanziari;Azionario;1.134.391,98;0,02;1.134.391,98;27.700,00;40,95;Giappone;Tokyo Stock Exchange;JPY
5032;ANYCOLOR INC;Comunicazione;Azionario;1.131.865,38;0,02;1.131.865,38;37.300,00;30,34;Giappone;Tokyo Stock Exchange;JPY
4521;KAKEN PHARMACEUTICAL LTD;Salute;Azionario;1.130.528,14;0,02;1.130.528,14;43.100,00;26,23;Giappone;Tokyo Stock Exchange;JPY
4634;ARTIENCE LTD;Materiali;Azionario;1.125.564,95;0,02;1.125.564,95;50.600,00;22,24;Giappone;Tokyo Stock Exchange;JPY
7994;OKAMURA CORP;Industriali;Azionario;1.120.855,70;0,02;1.120.855,70;76.500,00;14,65;Giappone;Tokyo Stock Exchange;JPY
8153;MOS FOOD SERVICES INC;Consumi Discrezionali;Azionario;1.112.610,50;0,02;1.112.610,50;40.200,00;27,68;Giappone;Tokyo Stock Exchange;JPY
9882;YELLOW HAT LTD;Consumi Discrezionali;Azionario;1.111.368,41;0,02;1.111.368,41;104.200,00;10,67;Giappone;Tokyo Stock Exchange;JPY
7476;AS ONE CORP;Salute;Azionario;1.107.981,61;0,02;1.107.981,61;70.200,00;15,78;Giappone;Tokyo Stock Exchange;JPY
6707;SANKEN ELECTRIC LTD;IT;Azionario;1.108.184,42;0,02;1.108.184,42;31.599,00;35,07;Giappone;Tokyo Stock Exchange;JPY
7157;LIFENET INSURANCE;Finanziari;Azionario;1.105.146,42;0,02;1.105.146,42;90.000,00;12,28;Giappone;Tokyo Stock Exchange;JPY
9031;NISHI NIPPON RAILROAD LTD;Industriali;Azionario;1.103.349,66;0,02;1.103.349,66;61.901,00;17,82;Giappone;Tokyo Stock Exchange;JPY
9948;ARCS LTD;Generi di largo consumo;Azionario;1.103.577,74;0,02;1.103.577,74;49.900,00;22,12;Giappone;Tokyo Stock Exchange;JPY
8154;KAGA ELECTRONICS LTD;IT;Azionario;1.102.690,54;0,02;1.102.690,54;44.900,00;24,56;Giappone;Tokyo Stock Exchange;JPY
6516;SANYO DENKI LTD;Industriali;Azionario;1.102.124,79;0,02;1.102.124,79;43.400,00;25,39;Giappone;Tokyo Stock Exchange;JPY
3498;KASUMIGASEKI CAPITAL LTD;Immobili;Azionario;1.095.991,51;0,02;1.095.991,51;21.800,00;50,27;Giappone;Tokyo Stock Exchange;JPY
7864;FUJI SEAL INTERNATIONAL INC;Materiali;Azionario;1.093.622,42;0,02;1.093.622,42;55.500,00;19,70;Giappone;Tokyo Stock Exchange;JPY
8966;HEIWA REAL ESTATE REIT INC;Immobili;Azionario;1.091.684,08;0,02;1.091.684,08;1.092,00;999,71;Giappone;Tokyo Stock Exchange;JPY
7148;FINANCIAL PRODUCTS GROUP LTD;Finanziari;Azionario;1.089.385,07;0,02;1.089.385,07;77.800,00;14,00;Giappone;Tokyo Stock Exchange;JPY
8958;GLOBAL ONE REAL ESTATE INVESTMENT;Immobili;Azionario;1.082.747,76;0,02;1.082.747,76;1.216,00;890,42;Giappone;Tokyo Stock Exchange;JPY
8098;INABATA LTD;Industriali;Azionario;1.077.025,94;0,01;1.077.025,94;45.400,00;23,72;Giappone;Tokyo Stock Exchange;JPY
1333;MARUHA NICHIRO CORP;Generi di largo consumo;Azionario;1.069.706,52;0,01;1.069.706,52;43.500,00;24,59;Giappone;Tokyo Stock Exchange;JPY
6744;NOHMI BOSAI LTD;IT;Azionario;1.068.211,77;0,01;1.068.211,77;41.800,00;25,56;Giappone;Tokyo Stock Exchange;JPY
8515;AIFUL CORP;Finanziari;Azionario;1.067.387,57;0,01;1.067.387,57;308.600,00;3,46;Giappone;Tokyo Stock Exchange;JPY
8388;AWA BANK LTD;Finanziari;Azionario;1.060.116,04;0,01;1.060.116,04;38.799,00;27,32;Giappone;Tokyo Stock Exchange;JPY
8848;LEOPALACE21 CORP;Immobili;Azionario;1.056.765,57;0,01;1.056.765,57;248.300,00;4,26;Giappone;Tokyo Stock Exchange;JPY
8346;TOHO BANK LTD;Finanziari;Azionario;1.054.460,12;0,01;1.054.460,12;306.000,00;3,45;Giappone;Tokyo Stock Exchange;JPY
2730;EDION CORP;Consumi Discrezionali;Azionario;1.050.871,45;0,01;1.050.871,45;77.800,00;13,51;Giappone;Tokyo Stock Exchange;JPY
9505;HOKURIKU ELECTRIC POWER;Imprese di servizi di pubblica utilità;Azionario;1.040.288,53;0,01;1.040.288,53;168.800,00;6,16;Giappone;Tokyo Stock Exchange;JPY
3433;TOCALO LTD;Industriali;Azionario;1.040.477,03;0,01;1.040.477,03;73.900,00;14,08;Giappone;Tokyo Stock Exchange;JPY
7458;DAIICHIKOSHO LTD;Comunicazione;Azionario;1.036.066,73;0,01;1.036.066,73;96.500,00;10,74;Giappone;Tokyo Stock Exchange;JPY
6407;CKD CORP;Industriali;Azionario;1.030.459,35;0,01;1.030.459,35;58.200,00;17,71;Giappone;Tokyo Stock Exchange;JPY
4478;FREEE KK;IT;Azionario;1.026.046,48;0,01;1.026.046,48;53.700,00;19,11;Giappone;Tokyo Stock Exchange;JPY
3186;NEXTAGE LTD;Consumi Discrezionali;Azionario;1.023.377,16;0,01;1.023.377,16;57.800,00;17,71;Giappone;Tokyo Stock Exchange;JPY
5930;BUNKA SHUTTER LTD;Industriali;Azionario;1.019.882,35;0,01;1.019.882,35;79.200,00;12,88;Giappone;Tokyo Stock Exchange;JPY
8218;KOMERI LTD;Consumi Discrezionali;Azionario;1.014.950,66;0,01;1.014.950,66;45.300,00;22,41;Giappone;Tokyo Stock Exchange;JPY
9746;TKC CORP;Industriali;Azionario;1.009.968,18;0,01;1.009.968,18;37.900,00;26,65;Giappone;Tokyo Stock Exchange;JPY
6810;MAXELL LTD;IT;Azionario;1.009.212,77;0,01;1.009.212,77;64.600,00;15,62;Giappone;Tokyo Stock Exchange;JPY
4966;C UYEMURA LTD;Materiali;Azionario;1.004.892,47;0,01;1.004.892,47;10.900,00;92,19;Giappone;Tokyo Stock Exchange;JPY
9075;FUKUYAMA TRANSPORTING LTD;Industriali;Azionario;1.003.166,29;0,01;1.003.166,29;36.500,00;27,48;Giappone;Tokyo Stock Exchange;JPY
6472;NTN CORP;Industriali;Azionario;1.002.102,80;0,01;1.002.102,80;439.200,00;2,28;Giappone;Tokyo Stock Exchange;JPY
7004;KANADEVIA CORP;Industriali;Azionario;996.311,68;0,01;996.311,68;166.100,00;6,00;Giappone;Tokyo Stock Exchange;JPY
7981;TAKARA STANDARD LTD;Industriali;Azionario;990.685,65;0,01;990.685,65;53.100,00;18,66;Giappone;Tokyo Stock Exchange;JPY
6315;TOWA CORP;IT;Azionario;986.552,44;0,01;986.552,44;80.300,00;12,29;Giappone;Tokyo Stock Exchange;JPY
2317;SYSTENA CORP;IT;Azionario;986.982,55;0,01;986.982,55;294.100,00;3,36;Giappone;Tokyo Stock Exchange;JPY
4041;NIPPON SODA LTD;Materiali;Azionario;980.031,50;0,01;980.031,50;42.700,00;22,95;Giappone;Tokyo Stock Exchange;JPY
268A;RIGAKU HOLDINGS CORP;IT;Azionario;980.466,10;0,01;980.466,10;136.900,00;7,16;Giappone;Tokyo Stock Exchange;JPY
8022;MIZUNO CORP;Consumi Discrezionali;Azionario;979.127,58;0,01;979.127,58;50.800,00;19,27;Giappone;Tokyo Stock Exchange;JPY
5703;NIPPON LIGHT METAL HOLDINGS LTD;Materiali;Azionario;975.306,18;0,01;975.306,18;61.920,00;15,75;Giappone;Tokyo Stock Exchange;JPY
7716;NAKANISHI INC;Salute;Azionario;964.591,60;0,01;964.591,60;75.700,00;12,74;Giappone;Tokyo Stock Exchange;JPY
7516;KOHNAN SHOJI LTD;Consumi Discrezionali;Azionario;959.027,93;0,01;959.027,93;37.200,00;25,78;Giappone;Tokyo Stock Exchange;JPY
6455;MORITA HOLDINGS CORP;Industriali;Azionario;952.678,65;0,01;952.678,65;54.600,00;17,45;Giappone;Tokyo Stock Exchange;JPY
4553;TOWA PHARMACEUTICAL LTD;Salute;Azionario;949.320,13;0,01;949.320,13;40.400,00;23,50;Giappone;Tokyo Stock Exchange;JPY
2121;MIXI INC;Comunicazione;Azionario;946.396,22;0,01;946.396,22;54.200,00;17,46;Giappone;Tokyo Stock Exchange;JPY
8616;TOKAI TOKYO FINANCIAL HOLDINGS INC;Finanziari;Azionario;942.963,77;0,01;942.963,77;219.900,00;4,29;Giappone;Tokyo Stock Exchange;JPY
5911;YOKOGAWA BRIDGE HOLDINGS CORP;Industriali;Azionario;941.310,87;0,01;941.310,87;49.100,00;19,17;Giappone;Tokyo Stock Exchange;JPY
7381;CCI GROUP INC;Finanziari;Azionario;939.602,04;0,01;939.602,04;207.600,00;4,53;Giappone;Tokyo Stock Exchange;JPY
6250;YAMABIKO CORP;Industriali;Azionario;936.858,79;0,01;936.858,79;52.100,00;17,98;Giappone;Tokyo Stock Exchange;JPY
8968;FUKUOKA REIT CORP;Immobili;Azionario;930.328,84;0,01;930.328,84;778,00;1.195,80;Giappone;Tokyo Stock Exchange;JPY
8522;BANK OF NAGOYA LTD;Finanziari;Azionario;928.464,43;0,01;928.464,43;32.600,00;28,48;Giappone;Tokyo Stock Exchange;JPY
2154;OPEN UP GROUP INC;Industriali;Azionario;922.683,21;0,01;922.683,21;76.748,00;12,02;Giappone;Tokyo Stock Exchange;JPY
9830;TRUSCO NAKAYAMA CORP;Industriali;Azionario;919.996,79;0,01;919.996,79;59.700,00;15,41;Giappone;Tokyo Stock Exchange;JPY
5232;SUMITOMO OSAKA CEMENT LTD;Materiali;Azionario;918.441,61;0,01;918.441,61;38.300,00;23,98;Giappone;Tokyo Stock Exchange;JPY
4633;SAKATA INX CORP;Materiali;Azionario;914.931,37;0,01;914.931,37;61.000,00;15,00;Giappone;Tokyo Stock Exchange;JPY
3191;JOYFUL HONDA LTD;Consumi Discrezionali;Azionario;912.472,92;0,01;912.472,92;65.800,00;13,87;Giappone;Tokyo Stock Exchange;JPY
6055;JAPAN MATERIAL LTD;IT;Azionario;911.562,57;0,01;911.562,57;93.900,00;9,71;Giappone;Tokyo Stock Exchange;JPY
4927;POLA ORBIS HOLDINGS INC;Generi di largo consumo;Azionario;905.487,16;0,01;905.487,16;106.700,00;8,49;Giappone;Tokyo Stock Exchange;JPY
7226;KYOKUTO KAIHATSU KOGYO LTD;Industriali;Azionario;902.354,95;0,01;902.354,95;48.600,00;18,57;Giappone;Tokyo Stock Exchange;JPY
9025;KONOIKE TRANSPORT LTD;Industriali;Azionario;901.739,05;0,01;901.739,05;45.100,00;19,99;Giappone;Tokyo Stock Exchange;JPY
3167;TOKAI HOLDINGS CORP;Industriali;Azionario;901.070,43;0,01;901.070,43;130.500,00;6,90;Giappone;Tokyo Stock Exchange;JPY
2659;SAN-A LTD;Generi di largo consumo;Azionario;897.071,59;0,01;897.071,59;47.300,00;18,97;Giappone;Tokyo Stock Exchange;JPY
8133;ITOCHU ENEX LTD;Energia;Azionario;893.976,66;0,01;893.976,66;74.400,00;12,02;Giappone;Tokyo Stock Exchange;JPY
1926;RAITO KOGYO LTD;Industriali;Azionario;890.954,39;0,01;890.954,39;40.700,00;21,89;Giappone;Tokyo Stock Exchange;JPY
7734;RIKEN KEIKI LTD;IT;Azionario;885.602,24;0,01;885.602,24;43.800,00;20,22;Giappone;Tokyo Stock Exchange;JPY
6395;TADANO LTD;Industriali;Azionario;882.849,98;0,01;882.849,98;128.700,00;6,86;Giappone;Tokyo Stock Exchange;JPY
6736;SUN CORP;IT;Azionario;876.620,91;0,01;876.620,91;15.800,00;55,48;Giappone;Tokyo Stock Exchange;JPY
5384;FUJIMI INC;Materiali;Azionario;875.034,88;0,01;875.034,88;59.100,00;14,81;Giappone;Tokyo Stock Exchange;JPY
3593;HOGY MEDICAL LTD;Salute;Azionario;870.494,07;0,01;870.494,07;20.300,00;42,88;Giappone;Tokyo Stock Exchange;JPY
7220;MUSASHI SEIMITSU INDUSTRY LTD;Consumi Discrezionali;Azionario;870.643,22;0,01;870.643,22;54.300,00;16,03;Giappone;Tokyo Stock Exchange;JPY
3148;CREATE SD HOLDINGS LTD;Generi di largo consumo;Azionario;867.916,04;0,01;867.916,04;40.000,00;21,70;Giappone;Tokyo Stock Exchange;JPY
8276;HEIWADO LTD;Generi di largo consumo;Azionario;865.495,52;0,01;865.495,52;45.100,00;19,19;Giappone;Tokyo Stock Exchange;JPY
2146;UT GROUP LTD;Industriali;Azionario;864.760,68;0,01;864.760,68;46.900,00;18,44;Giappone;Tokyo Stock Exchange;JPY
8698;MONEX GROUP INC;Finanziari;Azionario;858.897,43;0,01;858.897,43;191.400,00;4,49;Giappone;Tokyo Stock Exchange;JPY
9869;KATO SANGYO LTD;Generi di largo consumo;Azionario;853.527,92;0,01;853.527,92;20.300,00;42,05;Giappone;Tokyo Stock Exchange;JPY
7564;WORKMAN LTD;Consumi Discrezionali;Azionario;852.486,42;0,01;852.486,42;20.400,00;41,79;Giappone;Tokyo Stock Exchange;JPY
8595;JAFCO GROUP LTD;Finanziari;Azionario;850.656,40;0,01;850.656,40;55.700,00;15,27;Giappone;Tokyo Stock Exchange;JPY
3222;UNITED SUPER MARKETS HOLDINGS INC;Generi di largo consumo;Azionario;848.535,15;0,01;848.535,15;147.800,00;5,74;Giappone;Tokyo Stock Exchange;JPY
3002;GUNZE LTD;Consumi Discrezionali;Azionario;848.754,38;0,01;848.754,38;31.100,00;27,29;Giappone;Tokyo Stock Exchange;JPY
7947;FP CORP;Materiali;Azionario;847.894,18;0,01;847.894,18;49.900,00;16,99;Giappone;Tokyo Stock Exchange;JPY
3765;GUNGHO ONLINE ENTERTAINMENT INC;Comunicazione;Azionario;843.839,02;0,01;843.839,02;54.260,00;15,55;Giappone;Tokyo Stock Exchange;JPY
8179;ROYAL HOLDINGS LTD;Consumi Discrezionali;Azionario;843.178,50;0,01;843.178,50;48.200,00;17,49;Giappone;Tokyo Stock Exchange;JPY
4368;FUSO CHEMICAL LTD;Materiali;Azionario;842.302,87;0,01;842.302,87;20.600,00;40,89;Giappone;Tokyo Stock Exchange;JPY
6498;KITZ CORP;Industriali;Azionario;836.795,78;0,01;836.795,78;77.800,00;10,76;Giappone;Tokyo Stock Exchange;JPY
4044;CENTRAL GLASS LTD;Industriali;Azionario;833.315,12;0,01;833.315,12;37.900,00;21,99;Giappone;Tokyo Stock Exchange;JPY
9956;VALOR HOLDINGS LTD;Generi di largo consumo;Azionario;830.344,92;0,01;830.344,92;37.600,00;22,08;Giappone;Tokyo Stock Exchange;JPY
7224;SHINMAYWA INDUSTRIES LTD;Industriali;Azionario;826.706,10;0,01;826.706,10;70.000,00;11,81;Giappone;Tokyo Stock Exchange;JPY
6420;GALILEI LTD;Industriali;Azionario;824.725,96;0,01;824.725,96;34.300,00;24,04;Giappone;Tokyo Stock Exchange;JPY
9832;AUTOBACS SEVEN LTD;Consumi Discrezionali;Azionario;821.790,48;0,01;821.790,48;77.800,00;10,56;Giappone;Tokyo Stock Exchange;JPY
4958;T HASEGAWA LTD;Materiali;Azionario;820.810,70;0,01;820.810,70;45.500,00;18,04;Giappone;Tokyo Stock Exchange;JPY
8097;SAN-AI OBBLI LTD;Energia;Azionario;821.080,72;0,01;821.080,72;62.300,00;13,18;Giappone;Tokyo Stock Exchange;JPY
8219;AOYAMA TRADING LTD;Consumi Discrezionali;Azionario;818.726,41;0,01;818.726,41;51.600,00;15,87;Giappone;Tokyo Stock Exchange;JPY
7611;HIDAY HIDAKA CORP;Consumi Discrezionali;Azionario;819.053,91;0,01;819.053,91;36.348,00;22,53;Giappone;Tokyo Stock Exchange;JPY
6588;TOSHIBA TEC CORP;IT;Azionario;818.248,74;0,01;818.248,74;45.700,00;17,90;Giappone;Tokyo Stock Exchange;JPY
4443;SANSAN INC;IT;Azionario;817.302,39;0,01;817.302,39;74.300,00;11,00;Giappone;Tokyo Stock Exchange;JPY
2175;SMS LTD;Industriali;Azionario;811.351,06;0,01;811.351,06;93.900,00;8,64;Giappone;Tokyo Stock Exchange;JPY
3863;NIPPON PAPER INDUSTRIES LTD;Materiali;Azionario;806.390,43;0,01;806.390,43;111.000,00;7,26;Giappone;Tokyo Stock Exchange;JPY
6101;TSUGAMI CORP;Industriali;Azionario;801.391,24;0,01;801.391,24;43.600,00;18,38;Giappone;Tokyo Stock Exchange;JPY
7205;HINO MOTORS LTD;Industriali;Azionario;797.915,72;0,01;797.915,72;324.900,00;2,46;Giappone;Tokyo Stock Exchange;JPY
167A;RYOYO RYOSAN HOLDINGS INC;IT;Azionario;793.558,65;0,01;793.558,65;41.008,00;19,35;Giappone;Tokyo Stock Exchange;JPY
2160;GNI GROUP LTD;Salute;Azionario;793.963,16;0,01;793.963,16;51.500,00;15,42;Giappone;Tokyo Stock Exchange;JPY
141A;TRIAL HOLDINGS INC;Generi di largo consumo;Azionario;782.496,38;0,01;782.496,38;44.600,00;17,54;Giappone;Tokyo Stock Exchange;JPY
8923;TOSEI CORPORATION CORP;Immobili;Azionario;781.050,50;0,01;781.050,50;72.100,00;10,83;Giappone;Tokyo Stock Exchange;JPY
7599;IDOM INC;Consumi Discrezionali;Azionario;780.959,85;0,01;780.959,85;95.800,00;8,15;Giappone;Tokyo Stock Exchange;JPY
6727;WACOM LTD;IT;Azionario;777.138,45;0,01;777.138,45;151.100,00;5,14;Giappone;Tokyo Stock Exchange;JPY
3106;KURABO INDUSTRIES LTD;Consumi Discrezionali;Azionario;774.875,44;0,01;774.875,44;14.400,00;53,81;Giappone;Tokyo Stock Exchange;JPY
8975;ICHIGO OFFICE REIT INVESTMENT REIT;Immobili;Azionario;773.376,19;0,01;773.376,19;1.244,00;621,69;Giappone;Tokyo Stock Exchange;JPY
9436;OKINAWA CELLULAR TELEPHONE;Comunicazione;Azionario;772.873,44;0,01;772.873,44;42.300,00;18,27;Giappone;Tokyo Stock Exchange;JPY
7250;PACIFIC INDUSTRIAL LTD;Consumi Discrezionali;Azionario;771.995,24;0,01;771.995,24;38.000,00;20,32;Giappone;Tokyo Stock Exchange;JPY
3201;JAPAN WOOL TEXTILE LTD;Consumi Discrezionali;Azionario;768.205,34;0,01;768.205,34;67.700,00;11,35;Giappone;Tokyo Stock Exchange;JPY
1950;NIPPON DENSETSU KOGYO LTD;Industriali;Azionario;767.903,18;0,01;767.903,18;38.100,00;20,15;Giappone;Tokyo Stock Exchange;JPY
6366;CHIYODA CORPORATION CORP;Industriali;Azionario;765.531,28;0,01;765.531,28;176.931,00;4,33;Giappone;Tokyo Stock Exchange;JPY
6960;FUKUDA DENSHI LTD;Salute;Azionario;764.280,43;0,01;764.280,43;16.000,00;47,77;Giappone;Tokyo Stock Exchange;JPY
7976;MITSUBISHI PENCIL LTD;Industriali;Azionario;762.243,72;0,01;762.243,72;55.300,00;13,78;Giappone;Tokyo Stock Exchange;JPY
7744;NORITSU KOKI LTD;Consumi Discrezionali;Azionario;757.007,94;0,01;757.007,94;62.400,00;12,13;Giappone;Tokyo Stock Exchange;JPY
3087;DOUTOR NICHIRES HOLDINGS LTD;Consumi Discrezionali;Azionario;754.600,92;0,01;754.600,92;45.600,00;16,55;Giappone;Tokyo Stock Exchange;JPY
2001;NIPPN CORP;Generi di largo consumo;Azionario;754.878,65;0,01;754.878,65;48.600,00;15,53;Giappone;Tokyo Stock Exchange;JPY
4819;DIGITAL GARAGE INC;IT;Azionario;750.712,66;0,01;750.712,66;42.400,00;17,71;Giappone;Tokyo Stock Exchange;JPY
2733;ARATA CORP;Consumi Discrezionali;Azionario;747.722,52;0,01;747.722,52;37.700,00;19,83;Giappone;Tokyo Stock Exchange;JPY
7780;MENICON LTD;Salute;Azionario;746.700,31;0,01;746.700,31;74.500,00;10,02;Giappone;Tokyo Stock Exchange;JPY
3865;HOKUETSU CORP;Materiali;Azionario;741.362,31;0,01;741.362,31;128.700,00;5,76;Giappone;Tokyo Stock Exchange;JPY
3476;MIRAI REIT CORP;Immobili;Azionario;740.002,25;0,01;740.002,25;2.309,00;320,49;Giappone;Tokyo Stock Exchange;JPY
6412;HEIWA CORP;Consumi Discrezionali;Azionario;740.174,23;0,01;740.174,23;58.800,00;12,59;Giappone;Tokyo Stock Exchange;JPY
7730;MANI INC;Salute;Azionario;735.813,43;0,01;735.813,43;77.700,00;9,47;Giappone;Tokyo Stock Exchange;JPY
4549;EIKEN CHEMICAL LTD;Salute;Azionario;735.115,24;0,01;735.115,24;46.500,00;15,81;Giappone;Tokyo Stock Exchange;JPY
6670;MCJ LTD;IT;Azionario;733.646,21;0,01;733.646,21;72.500,00;10,12;Giappone;Tokyo Stock Exchange;JPY
4189;KH NEOCHEM LTD;Materiali;Azionario;729.170,98;0,01;729.170,98;45.900,00;15,89;Giappone;Tokyo Stock Exchange;JPY
4107;ISE CHEMICALS CORP;Materiali;Azionario;727.120,77;0,01;727.120,77;3.000,00;242,37;Giappone;Tokyo Stock Exchange;JPY
9936;OHSHO FOOD SERVICE CORP;Consumi Discrezionali;Azionario;722.646,18;0,01;722.646,18;34.800,00;20,77;Giappone;Tokyo Stock Exchange;JPY
7283;AISAN INDUSTRY LTD;Consumi Discrezionali;Azionario;722.929,06;0,01;722.929,06;50.200,00;14,40;Giappone;Tokyo Stock Exchange;JPY
5482;AICHI STEEL CORP;Materiali;Azionario;720.283,52;0,01;720.283,52;38.700,00;18,61;Giappone;Tokyo Stock Exchange;JPY
7972;ITOKI CORP;Industriali;Azionario;720.453,25;0,01;720.453,25;44.700,00;16,12;Giappone;Tokyo Stock Exchange;JPY
2685;AND ST HD LTD;Consumi Discrezionali;Azionario;718.476,97;0,01;718.476,97;39.700,00;18,10;Giappone;Tokyo Stock Exchange;JPY
7575;JAPAN LIFELINE LTD;Salute;Azionario;712.494,78;0,01;712.494,78;71.500,00;9,96;Giappone;Tokyo Stock Exchange;JPY
5423;TOKYO STEEL MANUFACTURING LTD;Materiali;Azionario;710.836,74;0,01;710.836,74;77.700,00;9,15;Giappone;Tokyo Stock Exchange;JPY
8273;IZUMI LTD;Consumi Discrezionali;Azionario;707.833,75;0,01;707.833,75;36.700,00;19,29;Giappone;Tokyo Stock Exchange;JPY
3487;CRE LOGISTICS REIT INC;Immobili;Azionario;702.038,00;0,01;702.038,00;645,00;1.088,43;Giappone;Tokyo Stock Exchange;JPY
9842;ARCLANDS CORP;Consumi Discrezionali;Azionario;697.688,04;0,01;697.688,04;56.463,00;12,36;Giappone;Tokyo Stock Exchange;JPY
9722;FUJITA KANKO INC;Consumi Discrezionali;Azionario;694.120,67;0,01;694.120,67;8.700,00;79,78;Giappone;Tokyo Stock Exchange;JPY
8194;LIFE CORP;Generi di largo consumo;Azionario;694.286,54;0,01;694.286,54;42.400,00;16,37;Giappone;Tokyo Stock Exchange;JPY
6804;HOSIDEN CORP;IT;Azionario;693.078,53;0,01;693.078,53;44.900,00;15,44;Giappone;Tokyo Stock Exchange;JPY
6875;MEGACHIPS CORP;IT;Azionario;691.131,18;0,01;691.131,18;13.800,00;50,08;Giappone;Tokyo Stock Exchange;JPY
3076;AI HOLDINGS CORP;IT;Azionario;690.753,16;0,01;690.753,16;38.400,00;17,99;Giappone;Tokyo Stock Exchange;JPY
9119;IINO KAIUN LTD;Industriali;Azionario;688.968,47;0,01;688.968,47;77.600,00;8,88;Giappone;Tokyo Stock Exchange;JPY
1952;SHIN NIPPON AIR TECHNOLOGIES LTD;Industriali;Azionario;684.342,15;0,01;684.342,15;33.900,00;20,19;Giappone;Tokyo Stock Exchange;JPY
6807;JAPAN AVIATION ELECTRONICS INDUSTR;IT;Azionario;683.101,35;0,01;683.101,35;43.000,00;15,89;Giappone;Tokyo Stock Exchange;JPY
2124;JAC RECRUITMENT LTD;Industriali;Azionario;676.521,26;0,01;676.521,26;96.100,00;7,04;Giappone;Tokyo Stock Exchange;JPY
1515;NITTETSU MINING LTD;Materiali;Azionario;676.427,40;0,01;676.427,40;51.100,00;13,24;Giappone;Tokyo Stock Exchange;JPY
2337;ICHIGO INC;Immobili;Azionario;670.995,53;0,01;670.995,53;248.500,00;2,70;Giappone;Tokyo Stock Exchange;JPY
1720;TOKYU CONSTRUCTION LTD;Industriali;Azionario;670.737,09;0,01;670.737,09;77.800,00;8,62;Giappone;Tokyo Stock Exchange;JPY
8803;HEIWA REAL ESTATE LTD;Immobili;Azionario;669.504,64;0,01;669.504,64;47.100,00;14,21;Giappone;Tokyo Stock Exchange;JPY
6750;ELECOM LTD;IT;Azionario;667.206,27;0,01;667.206,27;58.600,00;11,39;Giappone;Tokyo Stock Exchange;JPY
6486;EAGLE INDUSTRY LTD;Consumi Discrezionali;Azionario;667.331,00;0,01;667.331,00;37.500,00;17,80;Giappone;Tokyo Stock Exchange;JPY
6278;UNION TOOL;Industriali;Azionario;666.250,92;0,01;666.250,92;12.700,00;52,46;Giappone;Tokyo Stock Exchange;JPY
9757;FUNAI SOKEN HOLDINGS INC;Industriali;Azionario;654.197,18;0,01;654.197,18;44.300,00;14,77;Giappone;Tokyo Stock Exchange;JPY
8628;MATSUI SECURITIES LTD;Finanziari;Azionario;653.826,22;0,01;653.826,22;125.400,00;5,21;Giappone;Tokyo Stock Exchange;JPY
7456;MATSUDA SANGYO LTD;Industriali;Azionario;651.284,19;0,01;651.284,19;20.100,00;32,40;Giappone;Tokyo Stock Exchange;JPY
4592;SANBIO LTD;Salute;Azionario;651.001,32;0,01;651.001,32;66.400,00;9,80;Giappone;Tokyo Stock Exchange;JPY
8051;YAMAZEN CORP;Industriali;Azionario;650.373,85;0,01;650.373,85;69.100,00;9,41;Giappone;Tokyo Stock Exchange;JPY
1946;TOENEC CORP;Industriali;Azionario;647.968,76;0,01;647.968,76;54.100,00;11,98;Giappone;Tokyo Stock Exchange;JPY
4975;JCU CORP;Materiali;Azionario;647.976,47;0,01;647.976,47;20.300,00;31,92;Giappone;Tokyo Stock Exchange;JPY
9716;NOMURA LTD;Industriali;Azionario;646.228,42;0,01;646.228,42;77.800,00;8,31;Giappone;Tokyo Stock Exchange;JPY
7552;HAPPINET CORP;Consumi Discrezionali;Azionario;645.459,51;0,01;645.459,51;17.400,00;37,10;Giappone;Tokyo Stock Exchange;JPY
4919;MILBON LTD;Generi di largo consumo;Azionario;643.669,68;0,01;643.669,68;40.600,00;15,85;Giappone;Tokyo Stock Exchange;JPY
7839;SHOEI LTD;Consumi Discrezionali;Azionario;643.970,56;0,01;643.970,56;56.400,00;11,42;Giappone;Tokyo Stock Exchange;JPY
9601;SHOCHIKU LTD;Comunicazione;Azionario;638.818,35;0,01;638.818,35;8.500,00;75,16;Giappone;Tokyo Stock Exchange;JPY
9960;TOTECH CORP;Industriali;Azionario;636.799,64;0,01;636.799,64;27.400,00;23,24;Giappone;Tokyo Stock Exchange;JPY
3880;DAIO PAPER CORP;Materiali;Azionario;635.335,75;0,01;635.335,75;107.300,00;5,92;Giappone;Tokyo Stock Exchange;JPY
3762;TECHMATRIX CORP;IT;Azionario;633.982,45;0,01;633.982,45;43.100,00;14,71;Giappone;Tokyo Stock Exchange;JPY
8609;OKASAN SECURITIES GROUP INC;Finanziari;Azionario;627.306,57;0,01;627.306,57;134.400,00;4,67;Giappone;Tokyo Stock Exchange;JPY
2979;SOSILA LOGISTICS REIT INC;Immobili;Azionario;616.217,81;0,01;616.217,81;778,00;792,05;Giappone;Tokyo Stock Exchange;JPY
4369;TRI CHEMICAL LABORATORIES INC;IT;Azionario;614.181,11;0,01;614.181,11;36.800,00;16,69;Giappone;Tokyo Stock Exchange;JPY
7545;NISHIMATSUYA CHAIN LTD;Consumi Discrezionali;Azionario;613.134,46;0,01;613.134,46;42.500,00;14,43;Giappone;Tokyo Stock Exchange;JPY
4071;PLUS ALPHA CONSULTING LTD;IT;Azionario;611.640,36;0,01;611.640,36;38.800,00;15,76;Giappone;Tokyo Stock Exchange;JPY
9037;HAMAKYOREX LTD;Industriali;Azionario;611.489,92;0,01;611.489,92;52.900,00;11,56;Giappone;Tokyo Stock Exchange;JPY
9068;MARUZEN SHOWA UNYU LTD;Industriali;Azionario;608.216,27;0,01;608.216,27;11.900,00;51,11;Giappone;Tokyo Stock Exchange;JPY
3101;TOYOBO LTD;Materiali;Azionario;606.714,46;0,01;606.714,46;77.800,00;7,80;Giappone;Tokyo Stock Exchange;JPY
8934;SUN FRONTIER FUDOUSAN LTD;Immobili;Azionario;604.887,33;0,01;604.887,33;39.400,00;15,35;Giappone;Tokyo Stock Exchange;JPY
7595;ARGO GRAPHICS INC;IT;Azionario;604.240,57;0,01;604.240,57;57.100,00;10,58;Giappone;Tokyo Stock Exchange;JPY
6458;SINKO KOGYO LTD;Industriali;Azionario;603.342,44;0,01;603.342,44;66.700,00;9,05;Giappone;Tokyo Stock Exchange;JPY
9699;NISHIO HOLDINGS LTD;Industriali;Azionario;594.644,64;0,01;594.644,64;20.600,00;28,87;Giappone;Tokyo Stock Exchange;JPY
215A;TIMEE INC;Industriali;Azionario;590.202,19;0,01;590.202,19;71.000,00;8,31;Giappone;Tokyo Stock Exchange;JPY
2379;DIP CORP;Industriali;Azionario;586.904,11;0,01;586.904,11;42.500,00;13,81;Giappone;Tokyo Stock Exchange;JPY
1835;TOTETSU KOGYO LTD;Industriali;Azionario;585.332,22;0,01;585.332,22;20.300,00;28,83;Giappone;Tokyo Stock Exchange;JPY
4290;PRESTIGE INTERNATIONAL INC;Industriali;Azionario;584.165,35;0,01;584.165,35;126.200,00;4,63;Giappone;Tokyo Stock Exchange;JPY
6379;RAIZNEXT CORP;Industriali;Azionario;580.179,37;0,01;580.179,37;38.500,00;15,07;Giappone;Tokyo Stock Exchange;JPY
6413;RISO KAGAKU CORP;IT;Azionario;580.401,17;0,01;580.401,17;73.100,00;7,94;Giappone;Tokyo Stock Exchange;JPY
5975;TOPRE CORP;Consumi Discrezionali;Azionario;579.909,35;0,01;579.909,35;37.900,00;15,30;Giappone;Tokyo Stock Exchange;JPY
1968;TAIHEI DENGYO LTD;Industriali;Azionario;577.501,69;0,01;577.501,69;41.300,00;13,98;Giappone;Tokyo Stock Exchange;JPY
9708;IMPERIAL HOTEL LTD;Consumi Discrezionali;Azionario;576.162,53;0,01;576.162,53;73.700,00;7,82;Giappone;Tokyo Stock Exchange;JPY
2815;ARIAKE JAPAN LTD;Generi di largo consumo;Azionario;571.500,21;0,01;571.500,21;16.900,00;33,82;Giappone;Tokyo Stock Exchange;JPY
2492;INFOMART CORP;Industriali;Azionario;563.092,35;0,01;563.092,35;222.300,00;2,53;Giappone;Tokyo Stock Exchange;JPY
6104;SHIBAURA MACHINE LTD;Industriali;Azionario;563.145,71;0,01;563.145,71;20.300,00;27,74;Giappone;Tokyo Stock Exchange;JPY
4722;FUTURE CORP;IT;Azionario;563.258,22;0,01;563.258,22;44.700,00;12,60;Giappone;Tokyo Stock Exchange;JPY
9672;TOKYOTOKEIBA LTD;Consumi Discrezionali;Azionario;559.426,53;0,01;559.426,53;14.900,00;37,55;Giappone;Tokyo Stock Exchange;JPY
1879;SHINNIHON CORP;Industriali;Azionario;555.688,06;0,01;555.688,06;43.500,00;12,77;Giappone;Tokyo Stock Exchange;JPY
8016;ONWARD HOLDINGS LTD;Consumi Discrezionali;Azionario;552.383,55;0,01;552.383,55;119.500,00;4,62;Giappone;Tokyo Stock Exchange;JPY
8584;JACCS LTD;Finanziari;Azionario;548.137,20;0,01;548.137,20;20.300,00;27,00;Giappone;Tokyo Stock Exchange;JPY
7105;MITSUBISHI LOGISNEXT LTD;Industriali;Azionario;543.193,93;0,01;543.193,93;54.900,00;9,89;Giappone;Tokyo Stock Exchange;JPY
5449;OSAKA STEEL LTD;Materiali;Azionario;543.361,09;0,01;543.361,09;30.700,00;17,70;Giappone;Tokyo Stock Exchange;JPY
3046;JINS HOLDINGS INC;Consumi Discrezionali;Azionario;541.965,35;0,01;541.965,35;15.000,00;36,13;Giappone;Tokyo Stock Exchange;JPY
5186;NITTA CORP;Industriali;Azionario;542.264,30;0,01;542.264,30;20.300,00;26,71;Giappone;Tokyo Stock Exchange;JPY
6651;NITTO KOGYO CORP;Industriali;Azionario;541.637,47;0,01;541.637,47;20.700,00;26,17;Giappone;Tokyo Stock Exchange;JPY
9166;GENDA INC;Consumi Discrezionali;Azionario;539.419,46;0,01;539.419,46;131.100,00;4,11;Giappone;Tokyo Stock Exchange;JPY
7718;STAR MICRONICS LTD;Industriali;Azionario;537.756,28;0,01;537.756,28;37.900,00;14,19;Giappone;Tokyo Stock Exchange;JPY
9267;GENKY DRUGSTORES LTD;Generi di largo consumo;Azionario;533.247,61;0,01;533.247,61;16.200,00;32,92;Giappone;Tokyo Stock Exchange;JPY
5352;KROSAKI HARIMA CORP;Materiali;Azionario;532.321,84;0,01;532.321,84;20.000,00;26,62;Giappone;Tokyo Stock Exchange;JPY
4483;JMDC INC;Salute;Azionario;529.955,96;0,01;529.955,96;22.400,00;23,66;Giappone;Tokyo Stock Exchange;JPY
2760;TOKYO ELECTRON DEVICE LTD;IT;Azionario;524.999,20;0,01;524.999,20;25.400,00;20,67;Giappone;Tokyo Stock Exchange;JPY
5331;NORITAKE LTD;Industriali;Azionario;520.942,49;0,01;520.942,49;14.600,00;35,68;Giappone;Tokyo Stock Exchange;JPY
2767;TSUBURAYA FIELDS HOLDINGS INC;Consumi Discrezionali;Azionario;520.209,59;0,01;520.209,59;44.000,00;11,82;Giappone;Tokyo Stock Exchange;JPY
6254;NOMURA MICRO SCIENCE LTD;Industriali;Azionario;520.055,29;0,01;520.055,29;31.500,00;16,51;Giappone;Tokyo Stock Exchange;JPY
5273;MITANI SEKISAN LTD;Materiali;Azionario;515.104,95;0,01;515.104,95;9.700,00;53,10;Giappone;Tokyo Stock Exchange;JPY
8032;JAPAN PULP AND PAPER LTD;Industriali;Azionario;512.449,77;0,01;512.449,77;96.500,00;5,31;Giappone;Tokyo Stock Exchange;JPY
7821;MAEDA KOSEN LTD;Materiali;Azionario;508.850,81;0,01;508.850,81;40.300,00;12,63;Giappone;Tokyo Stock Exchange;JPY
7806;MTG LTD;Generi di largo consumo;Azionario;506.554,37;0,01;506.554,37;16.800,00;30,15;Giappone;Tokyo Stock Exchange;JPY
8074;YUASA TRADING LTD;Industriali;Azionario;506.740,81;0,01;506.740,81;14.900,00;34,01;Giappone;Tokyo Stock Exchange;JPY
4694;BML INC;Salute;Azionario;505.069,27;0,01;505.069,27;20.300,00;24,88;Giappone;Tokyo Stock Exchange;JPY
5192;MITSUBOSHI BELTING LTD;Industriali;Azionario;502.434,34;0,01;502.434,34;20.299,00;24,75;Giappone;Tokyo Stock Exchange;JPY
7222;NISSAN SHATAI LTD;Consumi Discrezionali;Azionario;500.176,80;0,01;500.176,80;77.800,00;6,43;Giappone;Tokyo Stock Exchange;JPY
8117;CENTRAL AUTOMOTIVE PRODUCTS LTD;Consumi Discrezionali;Azionario;498.800,35;0,01;498.800,35;42.700,00;11,68;Giappone;Tokyo Stock Exchange;JPY
9715;TRANSCOSMOS INC;Industriali;Azionario;497.238,74;0,01;497.238,74;20.300,00;24,49;Giappone;Tokyo Stock Exchange;JPY
7970;SHIN ETSU POLYMER LTD;Materiali;Azionario;497.675,91;0,01;497.675,91;39.800,00;12,50;Giappone;Tokyo Stock Exchange;JPY
4559;ZERIA PHARMACEUTICAL LTD;Salute;Azionario;495.719,57;0,01;495.719,57;36.700,00;13,51;Giappone;Tokyo Stock Exchange;JPY
9247;TRE HOLDINGS CORP;Industriali;Azionario;495.805,07;0,01;495.805,07;48.200,00;10,29;Giappone;Tokyo Stock Exchange;JPY
9824;SENSHU ELECTRIC LTD;Industriali;Azionario;495.528,63;0,01;495.528,63;14.300,00;34,65;Giappone;Tokyo Stock Exchange;JPY
4914;TAKASAGO INTERNATIONAL CORP;Materiali;Azionario;493.977,31;0,01;493.977,31;53.100,00;9,30;Giappone;Tokyo Stock Exchange;JPY
5253;COVER CORP;Comunicazione;Azionario;491.859,59;0,01;491.859,59;50.700,00;9,70;Giappone;Tokyo Stock Exchange;JPY
3636;MITSUBISHI RESEARCH INSTITUTE INC;IT;Azionario;479.523,61;0,01;479.523,61;15.300,00;31,34;Giappone;Tokyo Stock Exchange;JPY
2326;DIGITAL ARTS INC;IT;Azionario;477.932,43;0,01;477.932,43;11.800,00;40,50;Giappone;Tokyo Stock Exchange;JPY
6183;BELLSYSTEM24 HOLDINGS INC;Industriali;Azionario;476.447,97;0,01;476.447,97;52.300,00;9,11;Giappone;Tokyo Stock Exchange;JPY
6966;MITSUI HIGH TEC INC;IT;Azionario;475.614,13;0,01;475.614,13;101.900,00;4,67;Giappone;Tokyo Stock Exchange;JPY
8585;ORIENT CORP;Finanziari;Azionario;474.536,18;0,01;474.536,18;70.230,00;6,76;Giappone;Tokyo Stock Exchange;JPY
9974;BELC LTD;Generi di largo consumo;Azionario;471.271,98;0,01;471.271,98;9.800,00;48,09;Giappone;Tokyo Stock Exchange;JPY
2585;LIFEDRINK COMPANY INC;Generi di largo consumo;Azionario;469.170,34;0,01;469.170,34;41.300,00;11,36;Giappone;Tokyo Stock Exchange;JPY
7412;ATOM CORP;Consumi Discrezionali;Azionario;467.806,74;0,01;467.806,74;135.000,00;3,47;Giappone;Tokyo Stock Exchange;JPY
3492;MIRARTH REAL EST REIT CORP;Immobili;Azionario;466.065,13;0,01;466.065,13;777,00;599,83;Giappone;Tokyo Stock Exchange;JPY
5351;SHINAGAWA REFRA LTD;Materiali;Azionario;466.671,38;0,01;466.671,38;35.600,00;13,11;Giappone;Tokyo Stock Exchange;JPY
4534;MOCHIDA PHARMACEUTICAL LTD;Salute;Azionario;461.544,89;0,01;461.544,89;20.600,00;22,41;Giappone;Tokyo Stock Exchange;JPY
6351;TSURUMI MANUFACTURING LTD;Industriali;Azionario;459.544,83;0,01;459.544,83;32.300,00;14,23;Giappone;Tokyo Stock Exchange;JPY
8214;AOKI HOLDINGS INC;Consumi Discrezionali;Azionario;454.865,15;0,01;454.865,15;40.200,00;11,32;Giappone;Tokyo Stock Exchange;JPY
8125;WAKITA & COMPANY LTD;Industriali;Azionario;449.146,55;0,01;449.146,55;37.500,00;11,98;Giappone;Tokyo Stock Exchange;JPY
9603;HIS LTD;Consumi Discrezionali;Azionario;444.007,84;0,01;444.007,84;52.400,00;8,47;Giappone;Tokyo Stock Exchange;JPY
2220;KAMEDA SEIKA LTD;Generi di largo consumo;Azionario;444.115,85;0,01;444.115,85;17.600,00;25,23;Giappone;Tokyo Stock Exchange;JPY
6490;PILLAR CORP;Materiali;Azionario;441.074,93;0,01;441.074,93;15.400,00;28,64;Giappone;Tokyo Stock Exchange;JPY
6996;NICHICON CORP;IT;Azionario;439.570,54;0,01;439.570,54;42.600,00;10,32;Giappone;Tokyo Stock Exchange;JPY
4180;APPIER GROUP INC;IT;Azionario;433.263,69;0,01;433.263,69;62.400,00;6,94;Giappone;Tokyo Stock Exchange;JPY
25935;ITO EN PRF LTD;Generi di largo consumo;Azionario;432.399,63;0,01;432.399,63;37.200,00;11,62;Giappone;Tokyo Stock Exchange;JPY
4565;NXERA PHARMA LTD;Salute;Azionario;430.152,05;0,01;430.152,05;77.800,00;5,53;Giappone;Tokyo Stock Exchange;JPY
6947;ZUKEN INC;IT;Azionario;429.849,88;0,01;429.849,88;13.800,00;31,15;Giappone;Tokyo Stock Exchange;JPY
3459;SAMTY RESIDENTIAL INVESTMENT REIT;Immobili;Azionario;427.300,14;0,01;427.300,14;571,00;748,34;Giappone;Tokyo Stock Exchange;JPY
9551;METAWATER LTD;Industriali;Azionario;424.153,78;0,01;424.153,78;20.300,00;20,89;Giappone;Tokyo Stock Exchange;JPY
4432;WINGARC1ST INC;IT;Azionario;422.819,76;0,01;422.819,76;18.500,00;22,86;Giappone;Tokyo Stock Exchange;JPY
1663;K&O ENERGY GROUP INC;Imprese di servizi di pubblica utilità;Azionario;423.414,45;0,01;423.414,45;18.500,00;22,89;Giappone;Tokyo Stock Exchange;JPY
6474;NACHI-FUJIKOSHI CORP;Industriali;Azionario;418.694,43;0,01;418.694,43;15.599,00;26,84;Giappone;Tokyo Stock Exchange;JPY
7483;DOSHISHA LTD;Consumi Discrezionali;Azionario;418.933,43;0,01;418.933,43;20.300,00;20,64;Giappone;Tokyo Stock Exchange;JPY
7943;NICHIHA CORP;Industriali;Azionario;416.975,79;0,01;416.975,79;20.300,00;20,54;Giappone;Tokyo Stock Exchange;JPY
7630;ICHIBANYA LTD;Consumi Discrezionali;Azionario;415.009,16;0,01;415.009,16;68.600,00;6,05;Giappone;Tokyo Stock Exchange;JPY
4569;KYORIN PHARMACEUTICAL LTD;Salute;Azionario;412.588,00;0,01;412.588,00;42.000,00;9,82;Giappone;Tokyo Stock Exchange;JPY
4985;EARTH CORP;Generi di largo consumo;Azionario;409.849,24;0,01;409.849,24;12.500,00;32,79;Giappone;Tokyo Stock Exchange;JPY
8255;AXIAL RETAILING INC;Generi di largo consumo;Azionario;407.138,77;0,01;407.138,77;55.600,00;7,32;Giappone;Tokyo Stock Exchange;JPY
6036;KEEPER TECHNICAL LABORATORY LTD;Materiali;Azionario;406.763,32;0,01;406.763,32;18.000,00;22,60;Giappone;Tokyo Stock Exchange;JPY
4956;KONISHI LTD;Materiali;Azionario;403.530,17;0,01;403.530,17;47.300,00;8,53;Giappone;Tokyo Stock Exchange;JPY
2695;KURA SUSHI INC;Consumi Discrezionali;Azionario;400.983,64;0,01;400.983,64;19.400,00;20,67;Giappone;Tokyo Stock Exchange;JPY
8566;RICOH LEASING LTD;Finanziari;Azionario;393.892,44;0,01;393.892,44;10.600,00;37,16;Giappone;Tokyo Stock Exchange;JPY
4216;ASAHI YUKIZAI CORP;Materiali;Azionario;388.546,72;0,01;388.546,72;12.900,00;30,12;Giappone;Tokyo Stock Exchange;JPY
7965;ZOJIRUSHI CORP;Consumi Discrezionali;Azionario;384.230,93;0,01;384.230,93;37.400,00;10,27;Giappone;Tokyo Stock Exchange;JPY
7917;ZACROS CORP;Materiali;Azionario;381.751,26;0,01;381.751,26;51.500,00;7,41;Giappone;Tokyo Stock Exchange;JPY
3778;SAKURA INTERNET INC;IT;Azionario;379.684,34;0,01;379.684,34;20.400,00;18,61;Giappone;Tokyo Stock Exchange;JPY
6459;DAIWA INDUSTRIES LTD;Industriali;Azionario;380.121,51;0,01;380.121,51;37.000,00;10,27;Giappone;Tokyo Stock Exchange;JPY
4471;SANYO CHEMICAL INDUSTRIES LTD;Materiali;Azionario;379.465,75;0,01;379.465,75;11.900,00;31,89;Giappone;Tokyo Stock Exchange;JPY
4928;NOEVIR HOLDINGS LTD;Generi di largo consumo;Azionario;378.179,95;0,01;378.179,95;12.900,00;29,32;Giappone;Tokyo Stock Exchange;JPY
1766;TOKEN CORP;Consumi Discrezionali;Azionario;378.797,13;0,01;378.797,13;4.000,00;94,70;Giappone;Tokyo Stock Exchange;JPY
4776;CYBOZU INC;IT;Azionario;372.733,29;0,01;372.733,29;20.300,00;18,36;Giappone;Tokyo Stock Exchange;JPY
2384;SBS HOLDINGS INC;Industriali;Azionario;365.984,12;0,01;365.984,12;15.100,00;24,24;Giappone;Tokyo Stock Exchange;JPY
4526;RIKEN VITAMIN LTD;Generi di largo consumo;Azionario;363.398,37;0,01;363.398,37;19.200,00;18,93;Giappone;Tokyo Stock Exchange;JPY
2692;ITOCHU SHOKUHIN LTD;Generi di largo consumo;Azionario;363.534,67;0,01;363.534,67;4.900,00;74,19;Giappone;Tokyo Stock Exchange;JPY
2678;ASKUL CORP;Consumi Discrezionali;Azionario;361.809,12;0,01;361.809,12;39.300,00;9,21;Giappone;Tokyo Stock Exchange;JPY
2292;S FOODS INC;Generi di largo consumo;Azionario;355.329,97;0,00;355.329,97;20.600,00;17,25;Giappone;Tokyo Stock Exchange;JPY
4099;SHIKOKU KASEI HOLDINGS CORP;Materiali;Azionario;355.636,63;0,00;355.636,63;20.300,00;17,52;Giappone;Tokyo Stock Exchange;JPY
2157;KOSHIDAKA HOLDINGS LTD;Consumi Discrezionali;Azionario;349.290,56;0,00;349.290,56;45.200,00;7,73;Giappone;Tokyo Stock Exchange;JPY
2281;PRIMA MEAT PACKERS LTD;Generi di largo consumo;Azionario;346.501,01;0,00;346.501,01;20.300,00;17,07;Giappone;Tokyo Stock Exchange;JPY
4996;KUMIAI CHEMICAL INDUSTRY LTD;Materiali;Azionario;346.297,28;0,00;346.297,28;77.727,00;4,46;Giappone;Tokyo Stock Exchange;JPY
5310;TOYO TANSO LTD;Industriali;Azionario;344.504,81;0,00;344.504,81;11.700,00;29,44;Giappone;Tokyo Stock Exchange;JPY
6737;EIZO CORP;IT;Azionario;340.994,57;0,00;340.994,57;24.000,00;14,21;Giappone;Tokyo Stock Exchange;JPY
3962;CHANGE HOLDINGS INC;IT;Azionario;337.513,90;0,00;337.513,90;53.900,00;6,26;Giappone;Tokyo Stock Exchange;JPY
7739;CANON ELECTRONICS INC;IT;Azionario;332.302,55;0,00;332.302,55;14.200,00;23,40;Giappone;Tokyo Stock Exchange;JPY
6866;HIOKI EE CORP;IT;Azionario;331.704,65;0,00;331.704,65;8.500,00;39,02;Giappone;Tokyo Stock Exchange;JPY
9887;MATSUYA FOODS HOLDINGS LTD;Consumi Discrezionali;Azionario;326.593,59;0,00;326.593,59;8.000,00;40,82;Giappone;Tokyo Stock Exchange;JPY
9039;SAKAI MOVING SERVICE LTD;Industriali;Azionario;325.760,39;0,00;325.760,39;17.600,00;18,51;Giappone;Tokyo Stock Exchange;JPY
5842;INTEGRAL CORP;Finanziari;Azionario;324.857,76;0,00;324.857,76;15.500,00;20,96;Giappone;Tokyo Stock Exchange;JPY
9409;TV ASAHI HOLDINGS CORP;Comunicazione;Azionario;318.988,07;0,00;318.988,07;14.900,00;21,41;Giappone;Tokyo Stock Exchange;JPY
1407;WEST HOLDINGS CORP;Industriali;Azionario;318.291,81;0,00;318.291,81;36.350,00;8,76;Giappone;Tokyo Stock Exchange;JPY
9543;SHIZUOKA GAS LTD;Imprese di servizi di pubblica utilità;Azionario;318.135,59;0,00;318.135,59;41.100,00;7,74;Giappone;Tokyo Stock Exchange;JPY
6340;SHIBUYA KOGYO CORP;Industriali;Azionario;314.764,22;0,00;314.764,22;14.400,00;21,86;Giappone;Tokyo Stock Exchange;JPY
5440;KYOEI STEEL LTD;Materiali;Azionario;311.916,17;0,00;311.916,17;20.300,00;15,37;Giappone;Tokyo Stock Exchange;JPY
9663;NAGAWA LTD;Consumi Discrezionali;Azionario;305.390,72;0,00;305.390,72;7.800,00;39,15;Giappone;Tokyo Stock Exchange;JPY
3993;PKSHA TECHNOLOGY INC;IT;Azionario;304.734,96;0,00;304.734,96;15.000,00;20,32;Giappone;Tokyo Stock Exchange;JPY
2742;HALOWS LTD;Generi di largo consumo;Azionario;298.305,96;0,00;298.305,96;10.000,00;29,83;Giappone;Tokyo Stock Exchange;JPY
6080;M&A CAPITAL PARTNERS LTD;Finanziari;Azionario;294.654,28;0,00;294.654,28;13.600,00;21,67;Giappone;Tokyo Stock Exchange;JPY
7512;AEON HOKKAIDO CORP;Generi di largo consumo;Azionario;294.078,24;0,00;294.078,24;50.600,00;5,81;Giappone;Tokyo Stock Exchange;JPY
2590;DYDO GROUP HOLDINGS INC;Generi di largo consumo;Azionario;293.486,77;0,00;293.486,77;18.400,00;15,95;Giappone;Tokyo Stock Exchange;JPY
9110;NS UNITED KAIUN KAISHA LTD;Industriali;Azionario;282.529,17;0,00;282.529,17;7.300,00;38,70;Giappone;Tokyo Stock Exchange;JPY
8131;MITSUUROKO GROUP HOLDINGS LTD;Energia;Azionario;281.638,11;0,00;281.638,11;20.300,00;13,87;Giappone;Tokyo Stock Exchange;JPY
4974;TAKARA BIO INC;Salute;Azionario;279.947,28;0,00;279.947,28;55.400,00;5,05;Giappone;Tokyo Stock Exchange;JPY
1419;TAMA HOME LTD;Consumi Discrezionali;Azionario;280.009,00;0,00;280.009,00;12.200,00;22,95;Giappone;Tokyo Stock Exchange;JPY
2109;MITSUI DM SUGAR LTD;Generi di largo consumo;Azionario;277.077,37;0,00;277.077,37;13.200,00;20,99;Giappone;Tokyo Stock Exchange;JPY
9347;NIPPON KANZAI HOLDINGS LTD;Industriali;Azionario;275.331,90;0,00;275.331,90;15.500,00;17,76;Giappone;Tokyo Stock Exchange;JPY
7433;HAKUTO LTD;IT;Azionario;275.457,26;0,00;275.457,26;11.100,00;24,82;Giappone;Tokyo Stock Exchange;JPY
7944;ROLAND CORP;Consumi Discrezionali;Azionario;274.991,16;0,00;274.991,16;12.100,00;22,73;Giappone;Tokyo Stock Exchange;JPY
8278;FUJI (EHIME) LTD;Generi di largo consumo;Azionario;273.807,58;0,00;273.807,58;20.300,00;13,49;Giappone;Tokyo Stock Exchange;JPY
2004;SHOWA SANGYO LTD;Generi di largo consumo;Azionario;273.363,98;0,00;273.363,98;14.800,00;18,47;Giappone;Tokyo Stock Exchange;JPY
8198;MAXVALU TOKAI LTD;Generi di largo consumo;Azionario;273.506,06;0,00;273.506,06;11.900,00;22,98;Giappone;Tokyo Stock Exchange;JPY
6877;OBARA GROUP INC;Industriali;Azionario;271.545,21;0,00;271.545,21;10.900,00;24,91;Giappone;Tokyo Stock Exchange;JPY
4293;SEPTENI HOLDINGS LTD;Comunicazione;Azionario;270.685,65;0,00;270.685,65;101.700,00;2,66;Giappone;Tokyo Stock Exchange;JPY
5122;OKAMOTO INDUSTRIES INC;Materiali;Azionario;268.697,16;0,00;268.697,16;7.599,00;35,36;Giappone;Tokyo Stock Exchange;JPY
9010;FUJI KYUKO LTD;Consumi Discrezionali;Azionario;265.194,00;0,00;265.194,00;20.300,00;13,06;Giappone;Tokyo Stock Exchange;JPY
7177;GMO FINANCIAL HOLDINGS INC;Finanziari;Azionario;261.804,62;0,00;261.804,62;46.700,00;5,61;Giappone;Tokyo Stock Exchange;JPY
9997;BELLUNA LTD;Consumi Discrezionali;Azionario;260.426,24;0,00;260.426,24;41.000,00;6,35;Giappone;Tokyo Stock Exchange;JPY
9090;AZ-COM MARUWA HOLDINGS INC;Industriali;Azionario;257.153,88;0,00;257.153,88;39.800,00;6,46;Giappone;Tokyo Stock Exchange;JPY
5943;NORITZ CORP;Consumi Discrezionali;Azionario;255.927,87;0,00;255.927,87;20.300,00;12,61;Giappone;Tokyo Stock Exchange;JPY
8818;KEIHANSHIN BUILDING LTD;Immobili;Azionario;247.966,83;0,00;247.966,83;20.300,00;12,22;Giappone;Tokyo Stock Exchange;JPY
3445;RS TECHNOLOGIES LTD;IT;Azionario;246.835,32;0,00;246.835,32;10.800,00;22,86;Giappone;Tokyo Stock Exchange;JPY
2168;PASONA GROUP INC;Industriali;Azionario;244.834,61;0,00;244.834,61;20.300,00;12,06;Giappone;Tokyo Stock Exchange;JPY
3028;ALPEN LTD;Consumi Discrezionali;Azionario;230.230,48;0,00;230.230,48;15.200,00;15,15;Giappone;Tokyo Stock Exchange;JPY
2791;DAIKOKUTEN BUSSAN LTD;Generi di largo consumo;Azionario;215.526,05;0,00;215.526,05;5.800,00;37,16;Giappone;Tokyo Stock Exchange;JPY
1762;TAKAMATSU CONSTRUCTION GROUP LTD;Industriali;Azionario;212.848,37;0,00;212.848,37;8.500,00;25,04;Giappone;Tokyo Stock Exchange;JPY
EUR;EUR CASH;Liquidità e/o derivati;Contanti;188.270,22;0,00;188.270,22;160.544,00;117,27;Unione Europea;--;EUR
8871;GOLDCREST LTD;Immobili;Azionario;181.426,60;0,00;181.426,60;8.500,00;21,34;Giappone;Tokyo Stock Exchange;JPY
6345;AICHI CORP;Industriali;Azionario;174.098,81;0,00;174.098,81;20.300,00;8,58;Giappone;Tokyo Stock Exchange;JPY
6523;PHC HOLDINGS CORP;Salute;Azionario;144.621,81;0,00;144.621,81;20.600,00;7,02;Giappone;Tokyo Stock Exchange;JPY
GBP;GBP CASH;Liquidità e/o derivati;Contanti;140.766,29;0,00;140.766,29;105.097,00;133,94;Regno unito;--;GBP
8892;ES-CON JAPAN LTD;Consumi Discrezionali;Azionario;140.688,55;0,00;140.688,55;20.300,00;6,93;Giappone;Tokyo Stock Exchange;JPY
MXN;MXN CASH;Liquidità e/o derivati;Contanti;12.498,62;0,00;12.498,62;224.813,00;5,56;Messico;--;MXN
7817;PARAMOUNT BED HOLDINGS LTD;Salute;Azionario;4.506,73;0,00;4.506,73;200,00;22,53;Giappone;Tokyo Stock Exchange;JPY
JPY;JPY/USD;Liquidità e/o derivati;FX;2.701,35;0,00;2.701,35;484.696.222,00;1,00;Stati Uniti;--;USD
ETD_JPY;ETD JPY BALANCE WITH 06738C;Liquidità e/o derivati;Contanti;0,01;0,00;0,01;1,00;0,64;Giappone;--;JPY
TPH6;TOPIX INDEX MAR 26;Liquidità e/o derivati;Futures;0,00;0,00;43.909.704,59;203,00;21,63;--;Osaka Securities Exchange;JPY
